6.25492,-0.888984,-1.84275,2,0
6.18777,-1.12979,-1.84275,1,0.25
6.12062,-1.3706,-1.84275,1,0.25
6.05346,-1.61141,-1.84275,1,0.25
5.98691,-1.85007,1.29884,2,0
6.05407,-1.60925,1.29884,1,0.223607
6.12122,-1.36844,1.29884,1,0.316228
6.18837,-1.12763,1.29884,1,0.387298
6.25553,-0.88682,1.29884,1,0.447214
6.32268,-0.646008,1.29884,1,0.5
6.38983,-0.405196,1.29884,1,0.547723
6.45699,-0.164385,1.29884,1,0.591608
6.52414,0.0764268,1.29884,1,0.632456
6.59129,0.317238,1.29884,1,0.67082
6.65845,0.55805,1.29884,1,0.707107
6.7256,0.798862,1.29884,1,0.74162
6.79275,1.03967,1.29884,1,0.774597
6.85991,1.28048,1.29884,1,0.806226
6.92706,1.5213,1.29884,1,0.83666
6.99421,1.76211,1.29884,1,0.806226
7.06137,2.00292,1.29884,1,0.774597
7.12852,2.24373,1.29884,1,0.74162
7.19567,2.48454,1.29884,1,0.707107
7.26283,2.72535,1.29884,1,0.67082
7.32998,2.96617,1.29884,1,0.632456
7.39713,3.20698,1.29884,1,0.591608
7.46429,3.44779,1.29884,1,0.547723
7.53144,3.6886,1.29884,1,0.25
7.59859,3.92941,1.29884,1,0.25
7.66575,4.17022,1.29884,1,0.25
7.7329,4.41104,1.29884,1,0.25
7.80005,4.65185,1.29884,1,0.25
7.80815,4.68088,2.75027,2,0
7.57705,4.77623,2.75027,1,0.25
7.37243,4.86066,-1.84275,2,0
7.30527,4.61985,-1.84275,1,0.223607
7.23812,4.37904,-1.84275,1,0.316228
7.17097,4.13822,-1.84275,1,0.387298
7.10381,3.89741,-1.84275,1,0.447214
7.03666,3.6566,-1.84275,1,0.5
6.96951,3.41579,-1.84275,1,0.547723
6.90235,3.17498,-1.84275,1,0.591608
6.8352,2.93417,-1.84275,1,0.632456
6.76805,2.69335,-1.84275,1,0.67082
6.70089,2.45254,-1.84275,1,0.707107
6.63374,2.21173,-1.84275,1,0.74162
6.56659,1.97092,-1.84275,1,0.774597
6.49943,1.73011,-1.84275,1,0.806226
6.43228,1.4893,-1.84275,1,0.806226
6.36513,1.24848,-1.84275,1,0.774597
6.29797,1.00767,-1.84275,1,0.74162
6.23082,0.766861,-1.84275,1,0.707107
6.16367,0.52605,-1.84275,1,0.67082
6.09651,0.285238,-1.84275,1,0.632456
6.02936,0.0444264,-1.84275,1,0.591608
5.96221,-0.196385,-1.84275,1,0.547723
5.89505,-0.437197,-1.84275,1,0.25
5.8279,-0.678008,-1.84275,1,0.25
5.76075,-0.91882,-1.84275,1,0.25
5.69359,-1.15963,-1.84275,1,0.25
5.62644,-1.40044,-1.84275,1,0.25
5.58702,-1.54181,2.48489,2,0
5.38902,-1.38919,2.48489,1,0.25
5.19102,-1.23657,2.48489,1,0.25
5.18712,-1.23356,1.29884,2,0
5.25427,-0.99275,1.29884,1,0.223607
5.32143,-0.751938,1.29884,1,0.316228
5.38858,-0.511127,1.29884,1,0.387298
5.45573,-0.270315,1.29884,1,0.447214
5.52289,-0.0295033,1.29884,1,0.5
5.59004,0.211308,1.29884,1,0.547723
5.65719,0.45212,1.29884,1,0.591608
5.72435,0.692931,1.29884,1,0.632456
5.7915,0.933743,1.29884,1,0.67082
5.85865,1.17455,1.29884,1,0.707107
5.92581,1.41537,1.29884,1,0.74162
5.99296,1.65618,1.29884,1,0.774597
6.06011,1.89699,1.29884,1,0.806226
6.12727,2.1378,1.29884,1,0.806226
6.19442,2.37861,1.29884,1,0.774597
6.26158,2.61942,1.29884,1,0.74162
6.32873,2.86024,1.29884,1,0.707107
6.39588,3.10105,1.29884,1,0.67082
6.46304,3.34186,1.29884,1,0.632456
6.53019,3.58267,1.29884,1,0.591608
6.59734,3.82348,1.29884,1,0.547723
6.6645,4.06429,1.29884,1,0.25
6.73165,4.30511,1.29884,1,0.25
6.7988,4.54592,1.29884,1,0.25
6.86596,4.78673,1.29884,1,0.25
6.93311,5.02754,1.29884,1,0.25
6.93671,5.04044,2.75027,2,0
6.70561,5.13579,2.75027,1,0.25
6.50098,5.22022,-1.84275,2,0
6.43383,4.97941,-1.84275,1,0.223607
6.36668,4.7386,-1.84275,1,0.316228
6.29952,4.49779,-1.84275,1,0.387298
6.23237,4.25698,-1.84275,1,0.447214
6.16522,4.01616,-1.84275,1,0.5
6.09806,3.77535,-1.84275,1,0.547723
6.03091,3.53454,-1.84275,1,0.591608
5.96376,3.29373,-1.84275,1,0.632456
5.8966,3.05292,-1.84275,1,0.67082
5.82945,2.81211,-1.84275,1,0.707107
5.7623,2.57129,-1.84275,1,0.74162
5.69514,2.33048,-1.84275,1,0.774597
5.62799,2.08967,-1.84275,1,0.806226
5.56084,1.84886,-1.84275,1,0.774597
5.49368,1.60805,-1.84275,1,0.74162
5.42653,1.36724,-1.84275,1,0.707107
5.35938,1.12642,-1.84275,1,0.67082
5.29222,0.885613,-1.84275,1,0.632456
5.22507,0.644802,-1.84275,1,0.591608
5.15792,0.40399,-1.84275,1,0.547723
5.09076,0.163178,-1.84275,1,0.25
5.02361,-0.0776333,-1.84275,1,0.25
4.95646,-0.318445,-1.84275,1,0.25
4.8893,-0.559256,-1.84275,1,0.25
4.82215,-0.800068,-1.84275,1,0.25
4.78723,-0.925309,2.48489,2,0
4.58923,-0.772685,2.48489,1,0.25
4.39123,-0.620062,2.48489,1,0.25
4.38733,-0.617057,1.29884,2,0
4.45448,-0.376245,1.29884,1,0.223607
4.52164,-0.135433,1.29884,1,0.316228
4.58879,0.105378,1.29884,1,0.387298
4.65594,0.34619,1.29884,1,0.447214
4.7231,0.587001,1.29884,1,0.5
4.79025,0.827813,1.29884,1,0.547723
4.8574,1.06862,1.29884,1,0.591608
4.92456,1.30944,1.29884,1,0.632456
4.99171,1.55025,1.29884,1,0.67082
5.05886,1.79106,1.29884,1,0.707107
5.12602,2.03187,1.29884,1,0.74162
5.19317,2.27268,1.29884,1,0.774597
5.26032,2.51349,1.29884,1,0.774597
5.32748,2.75431,1.29884,1,0.74162
5.39463,2.99512,1.29884,1,0.707107
5.46178,3.23593,1.29884,1,0.67082
5.52894,3.47674,1.29884,1,0.632456
5.59609,3.71755,1.29884,1,0.591608
5.66324,3.95836,1.29884,1,0.547723
5.7304,4.19918,1.29884,1,0.25
5.79755,4.43999,1.29884,1,0.25
5.8647,4.6808,1.29884,1,0.25
5.93186,4.92161,1.29884,1,0.25
5.99901,5.16242,1.29884,1,0.25
6.06526,5.4,2.75027,2,0
5.83417,5.49536,2.75027,1,0.25
5.62954,5.57979,-1.84275,2,0
5.56239,5.33897,-1.84275,1,0.223607
5.49523,5.09816,-1.84275,1,0.316228
5.42808,4.85735,-1.84275,1,0.387298
5.36093,4.61654,-1.84275,1,0.447214
5.29377,4.37573,-1.84275,1,0.5
5.22662,4.13492,-1.84275,1,0.547723
5.15947,3.8941,-1.84275,1,0.591608
5.09231,3.65329,-1.84275,1,0.632456
5.02516,3.41248,-1.84275,1,0.67082
4.95801,3.17167,-1.84275,1,0.707107
4.89085,2.93086,-1.84275,1,0.74162
4.8237,2.69005,-1.84275,1,0.774597
4.75655,2.44923,-1.84275,1,0.774597
4.68939,2.20842,-1.84275,1,0.74162
4.62224,1.96761,-1.84275,1,0.707107
4.55509,1.7268,-1.84275,1,0.67082
4.48793,1.48599,-1.84275,1,0.632456
4.42078,1.24518,-1.84275,1,0.591608
4.35363,1.00437,-1.84275,1,0.547723
4.28647,0.763554,-1.84275,1,0.25
4.21932,0.522742,-1.84275,1,0.25
4.15217,0.28193,-1.84275,1,0.25
4.08501,0.0411188,-1.84275,1,0.25
4.01786,-0.199693,-1.84275,1,0.25
3.98743,-0.308804,2.48489,2,0
3.78943,-0.156181,2.48489,1,0.25
3.59144,-0.00355687,2.48489,1,0.25
3.58754,-0.000551817,1.29884,2,0
3.65469,0.24026,1.29884,1,0.223607
3.72184,0.481071,1.29884,1,0.316228
3.789,0.721883,1.29884,1,0.387298
3.85615,0.962694,1.29884,1,0.447214
3.9233,1.20351,1.29884,1,0.5
3.99046,1.44432,1.29884,1,0.547723
4.05761,1.68513,1.29884,1,0.591608
4.12476,1.92594,1.29884,1,0.632456
4.19192,2.16675,1.29884,1,0.67082
4.25907,2.40756,1.29884,1,0.707107
4.32622,2.64838,1.29884,1,0.74162
4.39338,2.88919,1.29884,1,0.774597
4.46053,3.13,1.29884,1,0.74162
4.52768,3.37081,1.29884,1,0.707107
4.59484,3.61162,1.29884,1,0.67082
4.66199,3.85243,1.29884,1,0.632456
4.72914,4.09325,1.29884,1,0.591608
4.7963,4.33406,1.29884,1,0.547723
4.86345,4.57487,1.29884,1,0.25
4.9306,4.81568,1.29884,1,0.25
4.99776,5.05649,1.29884,1,0.25
5.06491,5.2973,1.29884,1,0.25
5.13206,5.53811,1.29884,1,0.25
5.19382,5.75957,2.75027,2,0
4.96272,5.85492,2.75027,1,0.25
4.7581,5.93935,-1.84275,2,0
4.69094,5.69854,-1.84275,1,0.223607
4.62379,5.45773,-1.84275,1,0.316228
4.55664,5.21691,-1.84275,1,0.387298
4.48948,4.9761,-1.84275,1,0.447214
4.42233,4.73529,-1.84275,1,0.5
4.35518,4.49448,-1.84275,1,0.547723
4.28802,4.25367,-1.84275,1,0.591608
4.22087,4.01286,-1.84275,1,0.632456
4.15372,3.77204,-1.84275,1,0.67082
4.08656,3.53123,-1.84275,1,0.707107
4.01941,3.29042,-1.84275,1,0.74162
3.95226,3.04961,-1.84275,1,0.774597
3.8851,2.8088,-1.84275,1,0.74162
3.81795,2.56799,-1.84275,1,0.707107
3.7508,2.32718,-1.84275,1,0.67082
3.68364,2.08636,-1.84275,1,0.632456
3.61649,1.84555,-1.84275,1,0.591608
3.54934,1.60474,-1.84275,1,0.547723
3.48218,1.36393,-1.84275,1,0.25
3.41503,1.12312,-1.84275,1,0.25
3.34788,0.882306,-1.84275,1,0.25
3.28072,0.641494,-1.84275,1,0.25
3.21357,0.400682,-1.84275,1,0.25
3.18764,0.307701,2.48489,2,0
2.98964,0.460324,2.48489,1,0.25
2.79164,0.612948,2.48489,1,0.25
2.78774,0.615953,1.29884,2,0
2.8549,0.856765,1.29884,1,0.223607
2.92205,1.09758,1.29884,1,0.316228
2.9892,1.33839,1.29884,1,0.387298
3.05636,1.5792,1.29884,1,0.447214
3.12351,1.82001,1.29884,1,0.5
3.19066,2.06082,1.29884,1,0.547723
3.25782,2.30163,1.29884,1,0.591608
3.32497,2.54245,1.29884,1,0.632456
3.39212,2.78326,1.29884,1,0.67082
3.45928,3.02407,1.29884,1,0.707107
3.52643,3.26488,1.29884,1,0.74162
3.59358,3.50569,1.29884,1,0.74162
3.66074,3.7465,1.29884,1,0.707107
3.72789,3.98731,1.29884,1,0.67082
3.79504,4.22813,1.29884,1,0.632456
3.8622,4.46894,1.29884,1,0.591608
3.92935,4.70975,1.29884,1,0.547723
3.99651,4.95056,1.29884,1,0.25
4.06366,5.19137,1.29884,1,0.25
4.13081,5.43218,1.29884,1,0.25
4.19797,5.673,1.29884,1,0.25
4.26512,5.91381,1.29884,1,0.25
4.32238,6.11913,-2.16438,2,0
4.18254,5.9119,-2.16438,1,0.25
4.04271,5.70466,-2.16438,1,0.25
3.90287,5.49743,-2.16438,1,0.25
3.76304,5.2902,-2.16438,1,0.25
3.62321,5.08296,-2.16438,1,0.25
3.49429,4.89192,-1.84275,2,0
3.42714,4.65111,-1.84275,1,0.223607
3.35999,4.41029,-1.84275,1,0.316228
3.29283,4.16948,-1.84275,1,0.387298
3.22568,3.92867,-1.84275,1,0.447214
3.15853,3.68786,-1.84275,1,0.5
3.09138,3.44705,-1.84275,1,0.547723
3.02422,3.20624,-1.84275,1,0.591608
2.95707,2.96543,-1.84275,1,0.632456
2.88991,2.72461,-1.84275,1,0.632456
2.82276,2.4838,-1.84275,1,0.591608
2.75561,2.24299,-1.84275,1,0.547723
2.68846,2.00218,-1.84275,1,0.25
2.6213,1.76137,-1.84275,1,0.25
2.55415,1.52056,-1.84275,1,0.25
2.487,1.27975,-1.84275,1,0.25
2.41984,1.03893,-1.84275,1,0.25
2.38785,0.924205,2.48489,2,0
2.18985,1.07683,2.48489,1,0.223607
1.99185,1.22945,2.48489,1,0.223607
1.98795,1.23246,1.29884,2,0
2.0551,1.47327,1.29884,1,0.223607
2.12226,1.71408,1.29884,1,0.316228
2.18941,1.95488,1.29884,1,0.223607
2.19767,1.98451,1.29884,1,0
