-0.225317,1.42037,1.56134,2,0
-0.223898,1.57036,1.56134,1,0.25
-0.222479,1.72035,1.56134,1,0.25
-0.22106,1.87034,1.56134,1,0.25
-0.220324,1.94817,1.5056,1,0.25
-0.210552,2.09785,1.5056,1,0.25
-0.20078,2.24753,1.5056,1,0.25
-0.191008,2.39721,1.5056,1,0.3
-0.181236,2.54689,1.5056,1,0.34641
-0.171464,2.69657,1.5056,1,0.387298
-0.161692,2.84625,1.5056,1,0.424264
-0.15192,2.99593,1.5056,1,0.458258
-0.142148,3.14562,1.5056,1,0.489898
-0.132376,3.2953,1.5056,1,0.519615
-0.122604,3.44498,1.5056,1,0.489898
-0.112832,3.59466,1.5056,1,0.458258
-0.10306,3.74434,1.5056,1,0.424264
-0.0932879,3.89402,1.5056,1,0.387298
-0.0835158,4.0437,1.5056,1,0.34641
-0.0737438,4.19338,1.5056,1,0.25
-0.0639718,4.34306,1.5056,1,0.25
-0.0541997,4.49274,1.5056,1,0.25
-0.0484928,4.58016,2.02488,2,0
-0.114288,4.71496,2.02488,1,0.25
-0.180084,4.84976,2.02488,1,0.25
-0.245879,4.98456,2.02488,1,0.3
-0.311674,5.11936,2.02488,1,0.34641
-0.37747,5.25415,2.02488,1,0.387298
-0.443265,5.38895,2.02488,1,0.424264
-0.509061,5.52375,2.02488,1,0.458258
-0.574856,5.65855,2.02488,1,0.489898
-0.640652,5.79335,2.02488,1,0.519615
-0.706447,5.92815,2.02488,1,0.547723
-0.772242,6.06295,2.02488,1,0.574456
-0.838038,6.19775,2.02488,1,0.6
-0.903833,6.33255,2.02488,1,0.6245
-0.969629,6.46735,2.02488,1,0.648074
-1.03542,6.60215,2.02488,1,0.648074
-1.10122,6.73695,2.02488,1,0.6245
-1.16701,6.87175,2.02488,1,0.6
-1.23281,7.00655,2.02488,1,0.574456
-1.29861,7.14135,2.02488,1,0.547723
-1.3644,7.27614,2.02488,1,0.519615
-1.4302,7.41094,2.02488,1,0.489898
-1.49599,7.54574,2.02488,1,0.458258
-1.56179,7.68054,2.02488,1,0.424264
-1.62758,7.81534,2.02488,1,0.387298
-1.69338,7.95014,2.02488,1,0.34641
-1.75917,8.08494,2.02488,1,0.25
-1.82497,8.21974,2.02488,1,0.25
-1.89076,8.35454,2.02488,1,0.25
-1.94472,8.46509,1.9288,2,0
-1.99728,8.60558,1.9288,1,0.25
-2.04984,8.74607,1.9288,1,0.25
-2.10241,8.88655,1.9288,1,0.3
-2.15497,9.02704,1.9288,1,0.34641
-2.20753,9.16753,1.9288,1,0.34641
-2.26009,9.30802,1.9288,1,0.25
-2.31265,9.44851,1.9288,1,0.25
-2.36521,9.589,1.9288,1,0.25
-2.3899,9.65501,1.64704,2,0
-2.40133,9.80458,1.64704,1,0.25
-2.41276,9.95414,1.64704,1,0.25
-2.42418,10.1037,1.64704,1,0.3
-2.43561,10.2533,1.64704,1,0.34641
-2.44703,10.4028,1.64704,1,0.387298
-2.45846,10.5524,1.64704,1,0.424264
-2.46988,10.702,1.64704,1,0.458258
-2.48131,10.8515,1.64704,1,0.489898
-2.49273,11.0011,1.64704,1,0.519615
-2.50416,11.1507,1.64704,1,0.547723
-2.51558,11.3002,1.64704,1,0.574456
-2.52701,11.4498,1.64704,1,0.6
-2.53843,11.5993,1.64704,1,0.574456
-2.54986,11.7489,1.64704,1,0.547723
-2.56128,11.8985,1.64704,1,0.519615
-2.57271,12.048,1.64704,1,0.489898
-2.58413,12.1976,1.64704,1,0.458258
-2.59556,12.3472,1.64704,1,0.424264
-2.60698,12.4967,1.64704,1,0.387298
-2.61841,12.6463,1.64704,1,0.34641
-2.62983,12.7959,1.64704,1,0.25
-2.64126,12.9454,1.64704,1,0.25
-2.65268,13.095,1.64704,1,0.25
-2.65462,13.1203,-1.11671,2,0
-2.58883,12.9855,-1.11671,1,0.25
-2.52303,12.8507,-1.11671,1,0.25
-2.45724,12.7159,-1.11671,1,0.3
-2.39144,12.5811,-1.11671,1,0.25
-2.32565,12.4463,-1.11671,1,0.25
-2.25985,12.3115,-1.11671,1,0.25
-2.22846,12.2472,-1.81745,2,0
-2.26508,12.1018,-1.81745,1,0.25
-2.27085,12.0788,-1.71955,2,0
-2.29308,11.9305,-1.71955,1,0.25
-2.31531,11.7822,-1.71955,1,0.25
-2.33754,11.6338,-1.71955,1,0.25
-2.35977,11.4855,-1.71955,1,0.25
-2.36392,11.4578,2.02488,2,0
-2.42971,11.5926,2.02488,1,0.25
-2.49551,11.7274,2.02488,1,0.25
-2.5613,11.8622,2.02488,1,0.3
-2.6271,11.997,2.02488,1,0.34641
-2.69289,12.1318,2.02488,1,0.387298
-2.75869,12.2666,2.02488,1,0.424264
-2.82448,12.4014,2.02488,1,0.387298
-2.89028,12.5362,2.02488,1,0.34641
-2.95607,12.671,2.02488,1,0.25
-3.02187,12.8058,2.02488,1,0.25
-3.08766,12.9406,2.02488,1,0.25
-3.11187,12.9902,-2.31366,2,0
-3.21333,12.8797,-2.31366,1,0.25
-3.31479,12.7692,-2.31366,1,0.25
-3.41625,12.6588,-2.31366,1,0.25
-3.45192,12.6199,-1.11671,2,0
-3.38612,12.4851,-1.11671,1,0.25
-3.32032,12.3503,-1.11671,1,0.25
-3.25453,12.2155,-1.11671,1,0.3
-3.18873,12.0807,-1.11671,1,0.34641
-3.12294,11.9459,-1.11671,1,0.387298
-3.05714,11.8111,-1.11671,1,0.424264
-2.99135,11.6763,-1.11671,1,0.458258
-2.92555,11.5415,-1.11671,1,0.489898
-2.85976,11.4067,-1.11671,1,0.458258
-2.79396,11.2719,-1.11671,1,0.424264
-2.72817,11.1371,-1.11671,1,0.387298
-2.66237,11.0023,-1.11671,1,0.34641
-2.59658,10.8675,-1.11671,1,0.25
-2.53078,10.7327,-1.11671,1,0.25
-2.46499,10.5979,-1.11671,1,0.25
-2.42368,10.5133,-1.53146,2,0
-2.41778,10.3634,-1.53146,1,0.25
-2.41188,10.2135,-1.53146,1,0.25
-2.40599,10.0637,-1.53146,1,0.25
-2.40009,9.91377,-1.53146,1,0.25
-2.39419,9.76389,-1.53146,1,0.25
-2.3899,9.65501,-1.21279,2,0
-2.33734,9.51452,-1.21279,1,0.25
-2.28478,9.37403,-1.21279,1,0.25
-2.23222,9.23355,-1.21279,1,0.3
-2.17966,9.09306,-1.21279,1,0.34641
-2.1271,8.95257,-1.21279,1,0.34641
-2.07454,8.81208,-1.21279,1,0.25
-2.02198,8.67159,-1.21279,1,0.25
-1.96942,8.5311,-1.21279,1,0.25
-1.94472,8.46509,2.02488,2,0
-2.01052,8.59989,2.02488,1,0.25
-2.07631,8.73469,2.02488,1,0.25
-2.14211,8.86949,2.02488,1,0.3
-2.20791,9.00429,2.02488,1,0.34641
-2.2737,9.13909,2.02488,1,0.387298
-2.3395,9.27388,2.02488,1,0.424264
-2.40529,9.40868,2.02488,1,0.458258
-2.47109,9.54348,2.02488,1,0.489898
-2.53688,9.67828,2.02488,1,0.519615
-2.60268,9.81308,2.02488,1,0.547723
-2.66847,9.94788,2.02488,1,0.574456
-2.73427,10.0827,2.02488,1,0.6
-2.80006,10.2175,2.02488,1,0.6245
-2.86586,10.3523,2.02488,1,0.648074
-2.93166,10.4871,2.02488,1,0.6245
-2.99745,10.6219,2.02488,1,0.6
-3.06325,10.7567,2.02488,1,0.574456
-3.12904,10.8915,2.02488,1,0.547723
-3.19484,11.0263,2.02488,1,0.519615
-3.26063,11.1611,2.02488,1,0.489898
-3.32643,11.2959,2.02488,1,0.458258
-3.39222,11.4307,2.02488,1,0.424264
-3.45802,11.5655,2.02488,1,0.387298
-3.52381,11.7003,2.02488,1,0.34641
-3.58961,11.8351,2.02488,1,0.25
-3.6554,11.9699,2.02488,1,0.25
-3.7212,12.1047,2.02488,1,0.25
-3.74308,12.1495,-1.99751,2,0
-3.80516,12.0129,-1.99751,1,0.25
-3.86724,11.8764,-1.99751,1,0.25
-3.92932,11.7398,-1.99751,1,0.3
-3.99141,11.6033,-1.99751,1,0.34641
-4.05349,11.4668,-1.99751,1,0.387298
-4.11557,11.3302,-1.99751,1,0.387298
-4.17765,11.1937,-1.99751,1,0.34641
-4.23973,11.0571,-1.99751,1,0.25
-4.30182,10.9206,-1.99751,1,0.25
-4.3639,10.784,-1.99751,1,0.25
-4.38214,10.7439,-2.254,2,0
-4.47683,10.6276,-2.254,1,0.25
-4.57152,10.5112,-2.254,1,0.25
-4.66621,10.3949,-2.254,1,0.3
-4.76091,10.2786,-2.254,1,0.34641
-4.8556,10.1622,-2.254,1,0.387298
-4.95029,10.0459,-2.254,1,0.424264
-5.04498,9.92956,-2.254,1,0.458258
-5.13968,9.81323,-2.254,1,0.489898
-5.23437,9.6969,-2.254,1,0.519615
-5.32906,9.58057,-2.254,1,0.547723
-5.42375,9.46423,-2.254,1,0.574456
-5.51845,9.3479,-2.254,1,0.6
-5.61314,9.23157,-2.254,1,0.6245
-5.70783,9.11524,-2.254,1,0.6
-5.80252,8.9989,-2.254,1,0.574456
-5.89722,8.88257,-2.254,1,0.547723
-5.99191,8.76624,-2.254,1,0.519615
-6.0866,8.64991,-2.254,1,0.489898
-6.18129,8.53357,-2.254,1,0.458258
-6.27598,8.41724,-2.254,1,0.424264
-6.37068,8.30091,-2.254,1,0.387298
-6.46537,8.18458,-2.254,1,0.34641
-6.56006,8.06824,-2.254,1,0.25
-6.65475,7.95191,-2.254,1,0.25
-6.74945,7.83558,-2.254,1,0.25
-6.8093,7.76205,-1.11671,2,0
-6.7435,7.62725,-1.11671,1,0.25
-6.67771,7.49245,-1.11671,1,0.25
-6.61191,7.35765,-1.11671,1,0.3
-6.54612,7.22286,-1.11671,1,0.34641
-6.48032,7.08806,-1.11671,1,0.25
-6.41453,6.95326,-1.11671,1,0.25
-6.34873,6.81846,-1.11671,1,0.25
-6.31483,6.749,-0.764766,2,0
-6.2066,6.64515,-0.764766,1,0.25
-6.09837,6.54129,-0.764766,1,0.25
-5.99014,6.43744,-0.764766,1,0.3
-5.88191,6.33358,-0.764766,1,0.34641
-5.77368,6.22973,-0.764766,1,0.387298
-5.66545,6.12588,-0.764766,1,0.34641
-5.55722,6.02202,-0.764766,1,0.25
-5.44899,5.91817,-0.764766,1,0.25
-5.34075,5.81431,-0.764766,1,0.25
-5.33527,5.80905,2.02488,2,0
-5.40106,5.94385,2.02488,1,0.25
-5.46686,6.07865,2.02488,1,0.25
-5.53266,6.21345,2.02488,1,0.3
-5.59845,6.34824,2.02488,1,0.34641
-5.66425,6.48304,2.02488,1,0.387298
-5.73004,6.61784,2.02488,1,0.424264
-5.79584,6.75264,2.02488,1,0.458258
-5.86163,6.88744,2.02488,1,0.489898
-5.92743,7.02224,2.02488,1,0.519615
-5.99322,7.15704,2.02488,1,0.547723
-6.05902,7.29184,2.02488,1,0.547723
-6.12481,7.42664,2.02488,1,0.519615
-6.19061,7.56144,2.02488,1,0.489898
-6.2564,7.69624,2.02488,1,0.458258
-6.3222,7.83104,2.02488,1,0.424264
-6.38799,7.96584,2.02488,1,0.387298
-6.45379,8.10063,2.02488,1,0.34641
-6.51959,8.23543,2.02488,1,0.25
-6.58538,8.37023,2.02488,1,0.25
-6.65118,8.50503,2.02488,1,0.25
-6.68459,8.57349,0.676458,2,0
-6.56762,8.66739,0.676458,1,0.25
-6.45066,8.7613,0.676458,1,0.25
-6.33369,8.8552,0.676458,1,0.25
-6.31043,8.87387,-1.11671,2,0
-6.24464,8.73907,-1.11671,1,0.25
-6.17884,8.60427,-1.11671,1,0.25
-6.11305,8.46947,-1.11671,1,0.3
-6.04725,8.33467,-1.11671,1,0.34641
-5.98146,8.19987,-1.11671,1,0.387298
-5.91566,8.06507,-1.11671,1,0.424264
-5.84987,7.93028,-1.11671,1,0.458258
-5.78407,7.79548,-1.11671,1,0.489898
-5.71827,7.66068,-1.11671,1,0.519615
-5.65248,7.52588,-1.11671,1,0.547723
-5.58668,7.39108,-1.11671,1,0.574456
-5.52089,7.25628,-1.11671,1,0.6
-5.45509,7.12148,-1.11671,1,0.6245
-5.3893,6.98668,-1.11671,1,0.6245
-5.3235,6.85188,-1.11671,1,0.6
-5.25771,6.71708,-1.11671,1,0.574456
-5.19191,6.58228,-1.11671,1,0.547723
-5.12612,6.44748,-1.11671,1,0.519615
-5.06032,6.31268,-1.11671,1,0.489898
-4.99452,6.17788,-1.11671,1,0.458258
-4.92873,6.04309,-1.11671,1,0.424264
-4.86293,5.90829,-1.11671,1,0.387298
-4.79714,5.77349,-1.11671,1,0.34641
-4.73134,5.63869,-1.11671,1,0.25
-4.66555,5.50389,-1.11671,1,0.25
-4.59975,5.36909,-1.11671,1,0.25
-4.569,5.30608,-0.554544,2,0
-4.44148,5.2271,-0.554544,1,0.25
-4.31396,5.14812,-0.554544,1,0.25
-4.18644,5.06914,-0.554544,1,0.25
-4.18344,5.06727,-0.555288,2,0
-4.05598,4.9882,-0.555288,1,0.25
-3.92852,4.90912,-0.555288,1,0.25
-3.82231,4.84323,2.02488,2,0
-3.8881,4.97803,2.02488,1,0.25
-3.9539,5.11283,2.02488,1,0.25
-4.01969,5.24762,2.02488,1,0.3
-4.08549,5.38242,2.02488,1,0.34641
-4.15128,5.51722,2.02488,1,0.387298
-4.21708,5.65202,2.02488,1,0.424264
-4.28288,5.78682,2.02488,1,0.458258
-4.34867,5.92162,2.02488,1,0.489898
-4.41447,6.05642,2.02488,1,0.519615
-4.48026,6.19122,2.02488,1,0.547723
-4.54606,6.32602,2.02488,1,0.574456
-4.61185,6.46082,2.02488,1,0.6
-4.67765,6.59562,2.02488,1,0.6245
-4.74344,6.73042,2.02488,1,0.648074
-4.80924,6.86522,2.02488,1,0.67082
-4.87503,7.00002,2.02488,1,0.69282
-4.94083,7.13482,2.02488,1,0.69282
-5.00662,7.26962,2.02488,1,0.67082
-5.07242,7.40441,2.02488,1,0.648074
-5.13822,7.53921,2.02488,1,0.6245
-5.20401,7.67401,2.02488,1,0.6
-5.26981,7.80881,2.02488,1,0.574456
-5.3356,7.94361,2.02488,1,0.547723
-5.4014,8.07841,2.02488,1,0.519615
-5.46719,8.21321,2.02488,1,0.489898
-5.53299,8.34801,2.02488,1,0.458258
-5.59878,8.48281,2.02488,1,0.424264
-5.66458,8.61761,2.02488,1,0.387298
-5.73037,8.75241,2.02488,1,0.34641
-5.79617,8.88721,2.02488,1,0.25
-5.86197,9.02201,2.02488,1,0.25
-5.92776,9.15681,2.02488,1,0.25
-5.94217,9.18633,0.73094,2,0
-5.83049,9.28647,0.73094,1,0.25
-5.71881,9.3866,0.73094,1,0.25
-5.60713,9.48674,0.73094,1,0.25
-5.57993,9.51113,-1.11671,2,0
-5.51414,9.37633,-1.11671,1,0.25
-5.44834,9.24153,-1.11671,1,0.25
-5.38254,9.10673,-1.11671,1,0.3
-5.31675,8.97193,-1.11671,1,0.34641
-5.25095,8.83713,-1.11671,1,0.387298
-5.18516,8.70233,-1.11671,1,0.424264
-5.11936,8.56753,-1.11671,1,0.458258
-5.05357,8.43273,-1.11671,1,0.489898
-4.98777,8.29793,-1.11671,1,0.519615
-4.92198,8.16313,-1.11671,1,0.547723
-4.85618,8.02833,-1.11671,1,0.574456
-4.79039,7.89353,-1.11671,1,0.6
-4.72459,7.75873,-1.11671,1,0.6245
-4.65879,7.62393,-1.11671,1,0.648074
-4.593,7.48913,-1.11671,1,0.67082
-4.5272,7.35434,-1.11671,1,0.69282
-4.46141,7.21954,-1.11671,1,0.714143
-4.39561,7.08474,-1.11671,1,0.734847
-4.32982,6.94994,-1.11671,1,0.754983
-4.26402,6.81514,-1.11671,1,0.754983
-4.19823,6.68034,-1.11671,1,0.734847
-4.13243,6.54554,-1.11671,1,0.714143
-4.06664,6.41074,-1.11671,1,0.69282
-4.00084,6.27594,-1.11671,1,0.67082
-3.93504,6.14114,-1.11671,1,0.648074
-3.86925,6.00634,-1.11671,1,0.6245
-3.80345,5.87154,-1.11671,1,0.6
-3.73766,5.73674,-1.11671,1,0.574456
-3.67186,5.60194,-1.11671,1,0.547723
-3.60607,5.46714,-1.11671,1,0.519615
-3.54027,5.33234,-1.11671,1,0.489898
-3.47448,5.19755,-1.11671,1,0.458258
-3.40868,5.06275,-1.11671,1,0.424264
-3.34289,4.92795,-1.11671,1,0.387298
-3.27709,4.79315,-1.11671,1,0.34641
-3.21129,4.65835,-1.11671,1,0.25
-3.1455,4.52355,-1.11671,1,0.25
-3.0797,4.38875,-1.11671,1,0.25
-3.06654,4.36178,-0.597132,2,0
-2.9425,4.27744,-0.597132,1,0.25
-2.81846,4.1931,-0.597132,1,0.25
-2.69441,4.10876,-0.597132,1,0.25
-2.57037,4.02442,-0.597132,1,0.25
-2.44633,3.94008,-0.597132,1,0.25
-2.34639,3.87212,-0.606657,2,0
-2.28647,3.83054,2.02488,2,0
-2.35227,3.96534,2.02488,1,0.25
-2.41806,4.10014,2.02488,1,0.25
-2.48386,4.23494,2.02488,1,0.3
-2.54965,4.36974,2.02488,1,0.34641
-2.61545,4.50454,2.02488,1,0.387298
-2.68124,4.63934,2.02488,1,0.424264
-2.74704,4.77414,2.02488,1,0.458258
-2.81283,4.90894,2.02488,1,0.489898
-2.87863,5.04374,2.02488,1,0.519615
-2.94443,5.17854,2.02488,1,0.547723
-3.01022,5.31334,2.02488,1,0.574456
-3.07602,5.44814,2.02488,1,0.6
-3.14181,5.58293,2.02488,1,0.6245
-3.20761,5.71773,2.02488,1,0.648074
-3.2734,5.85253,2.02488,1,0.67082
-3.3392,5.98733,2.02488,1,0.69282
-3.40499,6.12213,2.02488,1,0.714143
-3.47079,6.25693,2.02488,1,0.734847
-3.53658,6.39173,2.02488,1,0.754983
-3.60238,6.52653,2.02488,1,0.774597
-3.66818,6.66133,2.02488,1,0.793725
-3.73397,6.79613,2.02488,1,0.812404
-3.79977,6.93093,2.02488,1,0.812404
-3.86556,7.06573,2.02488,1,0.793725
-3.93136,7.20053,2.02488,1,0.774597
-3.99715,7.33533,2.02488,1,0.754983
-4.06295,7.47013,2.02488,1,0.734847
-4.12874,7.60493,2.02488,1,0.714143
-4.19454,7.73973,2.02488,1,0.69282
-4.26033,7.87453,2.02488,1,0.67082
-4.32613,8.00933,2.02488,1,0.648074
-4.39193,8.14412,2.02488,1,0.6245
-4.45772,8.27892,2.02488,1,0.6
-4.52352,8.41372,2.02488,1,0.574456
-4.58931,8.54852,2.02488,1,0.547723
-4.65511,8.68332,2.02488,1,0.519615
-4.7209,8.81812,2.02488,1,0.489898
-4.7867,8.95292,2.02488,1,0.458258
-4.85249,9.08772,2.02488,1,0.424264
-4.91829,9.22252,2.02488,1,0.387298
-4.98409,9.35732,2.02488,1,0.34641
-5.04988,9.49212,2.02488,1,0.25
-5.11568,9.62692,2.02488,1,0.25
-5.18147,9.76172,2.02488,1,0.25
-5.22176,9.84426,0.819884,2,0
-5.11942,9.95392,0.819884,1,0.25
-5.01707,10.0636,0.819884,1,0.25
-4.91473,10.1732,0.819884,1,0.25
-4.87982,10.2106,-1.11671,2,0
-4.81402,10.0758,-1.11671,1,0.25
-4.74823,9.94104,-1.11671,1,0.25
-4.68243,9.80624,-1.11671,1,0.3
-4.61664,9.67144,-1.11671,1,0.34641
-4.55084,9.53664,-1.11671,1,0.387298
-4.48505,9.40185,-1.11671,1,0.424264
-4.41925,9.26705,-1.11671,1,0.458258
-4.35345,9.13225,-1.11671,1,0.489898
-4.28766,8.99745,-1.11671,1,0.519615
-4.22186,8.86265,-1.11671,1,0.547723
-4.15607,8.72785,-1.11671,1,0.574456
-4.09027,8.59305,-1.11671,1,0.6
-4.02448,8.45825,-1.11671,1,0.6245
-3.95868,8.32345,-1.11671,1,0.648074
-3.89289,8.18865,-1.11671,1,0.67082
-3.82709,8.05385,-1.11671,1,0.69282
-3.7613,7.91905,-1.11671,1,0.714143
-3.6955,7.78425,-1.11671,1,0.734847
-3.6297,7.64945,-1.11671,1,0.754983
-3.56391,7.51465,-1.11671,1,0.774597
-3.49811,7.37985,-1.11671,1,0.793725
-3.43232,7.24505,-1.11671,1,0.812404
-3.36652,7.11026,-1.11671,1,0.830662
-3.30073,6.97546,-1.11671,1,0.848528
-3.23493,6.84066,-1.11671,1,0.866025
-3.16914,6.70586,-1.11671,1,0.883176
-3.10334,6.57106,-1.11671,1,0.866025
-3.03754,6.43626,-1.11671,1,0.848528
-2.97175,6.30146,-1.11671,1,0.830662
-2.90595,6.16666,-1.11671,1,0.812404
-2.84016,6.03186,-1.11671,1,0.793725
-2.77436,5.89706,-1.11671,1,0.774597
-2.70857,5.76226,-1.11671,1,0.754983
-2.64277,5.62746,-1.11671,1,0.734847
-2.57698,5.49266,-1.11671,1,0.714143
-2.51118,5.35786,-1.11671,1,0.69282
-2.44539,5.22306,-1.11671,1,0.67082
-2.37959,5.08826,-1.11671,1,0.648074
-2.31379,4.95346,-1.11671,1,0.6245
-2.248,4.81866,-1.11671,1,0.6
-2.1822,4.68386,-1.11671,1,0.574456
-2.11641,4.54907,-1.11671,1,0.547723
-2.05061,4.41427,-1.11671,1,0.519615
-1.98482,4.27947,-1.11671,1,0.489898
-1.91902,4.14467,-1.11671,1,0.458258
-1.85323,4.00987,-1.11671,1,0.424264
-1.78743,3.87507,-1.11671,1,0.387298
-1.72164,3.74027,-1.11671,1,0.34641
-1.65584,3.60547,-1.11671,1,0.25
-1.59004,3.47067,-1.11671,1,0.25
-1.52425,3.33587,-1.11671,1,0.25
-1.49895,3.28404,-0.606657,2,0
-1.38937,3.208,-0.804019,2,0
-1.2853,3.09998,-0.804019,1,0.25
-1.18123,2.99195,-0.804019,1,0.25
-1.07716,2.88393,-0.804019,1,0.3
-0.973086,2.77591,-0.804019,1,0.34641
-0.869014,2.66789,-0.804019,1,0.34641
-0.764942,2.55987,-0.804019,1,0.25
-0.66087,2.45184,-0.804019,1,0.25
-0.556798,2.34382,-0.804019,1,0.25
-0.537426,2.32372,-0.869577,2,0
-0.471109,2.24518,2.02488,2,0
-0.536904,2.37998,2.02488,1,0.25
-0.6027,2.51477,2.02488,1,0.25
-0.668495,2.64957,2.02488,1,0.3
-0.734291,2.78437,2.02488,1,0.34641
-0.800086,2.91917,2.02488,1,0.387298
-0.865882,3.05397,2.02488,1,0.424264
-0.931677,3.18877,2.02488,1,0.458258
-0.997473,3.32357,2.02488,1,0.489898
-1.06327,3.45837,2.02488,1,0.519615
-1.12906,3.59317,2.02488,1,0.547723
-1.19486,3.72797,2.02488,1,0.574456
-1.26065,3.86277,2.02488,1,0.6
-1.32645,3.99757,2.02488,1,0.6245
-1.39225,4.13237,2.02488,1,0.648074
-1.45804,4.26717,2.02488,1,0.67082
-1.52384,4.40197,2.02488,1,0.69282
-1.58963,4.53677,2.02488,1,0.714143
-1.65543,4.67157,2.02488,1,0.734847
-1.72122,4.80637,2.02488,1,0.754983
-1.78702,4.94117,2.02488,1,0.774597
-1.85281,5.07597,2.02488,1,0.793725
-1.91861,5.21076,2.02488,1,0.812404
-1.98441,5.34556,2.02488,1,0.830662
-2.0502,5.48036,2.02488,1,0.848528
-2.116,5.61516,2.02488,1,0.866025
-2.18179,5.74996,2.02488,1,0.883176
-2.24759,5.88476,2.02488,1,0.9
-2.31338,6.01956,2.02488,1,0.916515
-2.37918,6.15436,2.02488,1,0.932738
-2.44497,6.28916,2.02488,1,0.948683
-2.51077,6.42396,2.02488,1,0.964365
-2.57657,6.55876,2.02488,1,0.948683
-2.64236,6.69356,2.02488,1,0.932738
-2.70816,6.82836,2.02488,1,0.916515
-2.77395,6.96316,2.02488,1,0.9
-2.83975,7.09796,2.02488,1,0.883176
-2.90554,7.23276,2.02488,1,0.866025
-2.97134,7.36756,2.02488,1,0.848528
-3.03713,7.50236,2.02488,1,0.830662
-3.10293,7.63716,2.02488,1,0.812404
-3.16872,7.77196,2.02488,1,0.793725
-3.23452,7.90675,2.02488,1,0.774597
-3.30032,8.04155,2.02488,1,0.754983
-3.36611,8.17635,2.02488,1,0.734847
-3.43191,8.31115,2.02488,1,0.714143
-3.4977,8.44595,2.02488,1,0.69282
-3.5635,8.58075,2.02488,1,0.67082
-3.62929,8.71555,2.02488,1,0.648074
-3.69509,8.85035,2.02488,1,0.6245
-3.76088,8.98515,2.02488,1,0.6
-3.82668,9.11995,2.02488,1,0.574456
-3.89248,9.25475,2.02488,1,0.547723
-3.95827,9.38955,2.02488,1,0.519615
-4.02407,9.52435,2.02488,1,0.489898
-4.08986,9.65915,2.02488,1,0.458258
-4.15566,9.79395,2.02488,1,0.424264
-4.22145,9.92875,2.02488,1,0.387298
-4.28725,10.0635,2.02488,1,0.34641
-4.35304,10.1983,2.02488,1,0.25
-4.41884,10.3331,2.02488,1,0.25
-4.48463,10.4679,2.02488,1,0.25
-4.53788,10.577,0.819884,2,0
-4.43553,10.6867,0.819884,1,0.25
-4.38214,10.7439,1.17836,2,0
-4.32477,10.8825,1.17836,1,0.25
-4.26741,11.0211,1.17836,1,0.25
-4.25201,11.0583,-1.11671,2,0
-4.18621,10.9235,-1.11671,1,0.25
-4.12042,10.7887,-1.11671,1,0.25
-4.05462,10.6539,-1.11671,1,0.3
-3.98883,10.5191,-1.11671,1,0.34641
-3.92303,10.3843,-1.11671,1,0.387298
-3.85723,10.2495,-1.11671,1,0.424264
-3.79144,10.1147,-1.11671,1,0.458258
-3.72564,9.97989,-1.11671,1,0.489898
-3.65985,9.84509,-1.11671,1,0.519615
-3.59405,9.71029,-1.11671,1,0.547723
-3.52826,9.57549,-1.11671,1,0.574456
-3.46246,9.44069,-1.11671,1,0.6
-3.39667,9.3059,-1.11671,1,0.6245
-3.33087,9.1711,-1.11671,1,0.648074
-3.26508,9.0363,-1.11671,1,0.67082
-3.19928,8.9015,-1.11671,1,0.69282
-3.13348,8.7667,-1.11671,1,0.714143
-3.06769,8.6319,-1.11671,1,0.734847
-3.00189,8.4971,-1.11671,1,0.754983
-2.9361,8.3623,-1.11671,1,0.774597
-2.8703,8.2275,-1.11671,1,0.793725
-2.80451,8.0927,-1.11671,1,0.812404
-2.73871,7.9579,-1.11671,1,0.830662
-2.67292,7.8231,-1.11671,1,0.848528
-2.60712,7.6883,-1.11671,1,0.866025
-2.54132,7.5535,-1.11671,1,0.883176
-2.47553,7.4187,-1.11671,1,0.9
-2.40973,7.2839,-1.11671,1,0.916515
-2.34394,7.1491,-1.11671,1,0.932738
-2.27814,7.0143,-1.11671,1,0.948683
-2.21235,6.8795,-1.11671,1,0.964365
-2.14655,6.7447,-1.11671,1,0.979796
-2.08076,6.60991,-1.11671,1,0.979796
-2.01496,6.47511,-1.11671,1,0.964365
-1.94917,6.34031,-1.11671,1,0.948683
-1.88337,6.20551,-1.11671,1,0.932738
-1.81757,6.07071,-1.11671,1,0.916515
-1.75178,5.93591,-1.11671,1,0.9
-1.68598,5.80111,-1.11671,1,0.883176
-1.62019,5.66631,-1.11671,1,0.866025
-1.55439,5.53151,-1.11671,1,0.848528
-1.4886,5.39671,-1.11671,1,0.830662
-1.4228,5.26191,-1.11671,1,0.812404
-1.35701,5.12711,-1.11671,1,0.793725
-1.29121,4.99231,-1.11671,1,0.774597
-1.22541,4.85751,-1.11671,1,0.754983
-1.15962,4.72271,-1.11671,1,0.734847
-1.09382,4.58791,-1.11671,1,0.714143
-1.02803,4.45311,-1.11671,1,0.69282
-0.962233,4.31831,-1.11671,1,0.67082
-0.896437,4.18351,-1.11671,1,0.648074
-0.830642,4.04872,-1.11671,1,0.6245
-0.764846,3.91392,-1.11671,1,0.6
-0.699051,3.77912,-1.11671,1,0.574456
-0.633255,3.64432,-1.11671,1,0.547723
-0.56746,3.50952,-1.11671,1,0.519615
-0.501664,3.37472,-1.11671,1,0.489898
-0.435869,3.23992,-1.11671,1,0.458258
-0.370073,3.10512,-1.11671,1,0.424264
-0.304278,2.97032,-1.11671,1,0.387298
-0.238482,2.83552,-1.11671,1,0.34641
-0.172687,2.70072,-1.11671,1,0.25
-0.106891,2.56592,-1.11671,1,0.25
-0.0410956,2.43112,-1.11671,1,0.25
-0.00796227,2.36324,1.79487,2,0
-0.0412928,2.50949,1.79487,1,0.25
-0.0746233,2.65573,1.79487,1,0.25
-0.107954,2.80198,1.79487,1,0.25
-0.13191,2.90709,1.51986,2,0
-0.124273,3.0569,1.51986,1,0.25
-0.116636,3.2067,1.51986,1,0.25
-0.108999,3.3565,1.51986,1,0.25
-0.101363,3.50631,1.51986,1,0.25
-0.0960439,3.61064,2.02488,2,0
-0.161839,3.74544,2.02488,1,0.25
-0.227635,3.88024,2.02488,1,0.25
-0.29343,4.01504,2.02488,1,0.3
-0.359226,4.14984,2.02488,1,0.34641
-0.425021,4.28464,2.02488,1,0.387298
-0.490817,4.41944,2.02488,1,0.424264
-0.556612,4.55423,2.02488,1,0.458258
-0.622408,4.68903,2.02488,1,0.489898
-0.688203,4.82383,2.02488,1,0.519615
-0.753999,4.95863,2.02488,1,0.547723
-0.819794,5.09343,2.02488,1,0.574456
-0.88559,5.22823,2.02488,1,0.6
-0.951385,5.36303,2.02488,1,0.6245
-1.01718,5.49783,2.02488,1,0.648074
-1.08298,5.63263,2.02488,1,0.67082
-1.14877,5.76743,2.02488,1,0.69282
-1.21457,5.90223,2.02488,1,0.714143
-1.28036,6.03703,2.02488,1,0.734847
-1.34616,6.17183,2.02488,1,0.754983
-1.41195,6.30663,2.02488,1,0.774597
-1.47775,6.44143,2.02488,1,0.793725
-1.54354,6.57623,2.02488,1,0.812404
-1.60934,6.71103,2.02488,1,0.830662
-1.67514,6.84583,2.02488,1,0.848528
-1.74093,6.98063,2.02488,1,0.866025
-1.80673,7.11542,2.02488,1,0.883176
-1.87252,7.25022,2.02488,1,0.9
-1.93832,7.38502,2.02488,1,0.916515
-2.00411,7.51982,2.02488,1,0.932738
-2.06991,7.65462,2.02488,1,0.948683
-2.1357,7.78942,2.02488,1,0.932738
-2.2015,7.92422,2.02488,1,0.916515
-2.2673,8.05902,2.02488,1,0.9
-2.33309,8.19382,2.02488,1,0.883176
-2.39889,8.32862,2.02488,1,0.866025
-2.46468,8.46342,2.02488,1,0.848528
-2.53048,8.59822,2.02488,1,0.830662
-2.59627,8.73302,2.02488,1,0.812404
-2.66207,8.86782,2.02488,1,0.793725
-2.72786,9.00262,2.02488,1,0.774597
-2.79366,9.13742,2.02488,1,0.754983
-2.85945,9.27222,2.02488,1,0.734847
-2.92525,9.40702,2.02488,1,0.714143
-2.99105,9.54182,2.02488,1,0.69282
-3.05684,9.67661,2.02488,1,0.67082
-3.12264,9.81141,2.02488,1,0.648074
-3.18843,9.94621,2.02488,1,0.6245
-3.25423,10.081,2.02488,1,0.6
-3.32002,10.2158,2.02488,1,0.574456
-3.38582,10.3506,2.02488,1,0.547723
-3.45161,10.4854,2.02488,1,0.519615
-3.51741,10.6202,2.02488,1,0.489898
-3.58321,10.755,2.02488,1,0.458258
-3.649,10.8898,2.02488,1,0.424264
-3.7148,11.0246,2.02488,1,0.387298
-3.78059,11.1594,2.02488,1,0.34641
-3.84639,11.2942,2.02488,1,0.25
-3.91218,11.429,2.02488,1,0.25
-3.97798,11.5638,2.02488,1,0.25
-4.01304,11.6356,1.08706,2,0
-3.94328,11.7684,1.08706,1,0.25
-3.87352,11.9012,1.08706,1,0.25
-3.80375,12.034,1.08706,1,0.25
-3.74308,12.1495,-1.11671,2,0
-3.67728,12.0147,-1.11671,1,0.25
-3.61149,11.8799,-1.11671,1,0.25
-3.54569,11.7451,-1.11671,1,0.3
-3.4799,11.6103,-1.11671,1,0.34641
-3.4141,11.4755,-1.11671,1,0.387298
-3.34831,11.3407,-1.11671,1,0.424264
-3.28251,11.2059,-1.11671,1,0.458258
-3.21671,11.0711,-1.11671,1,0.489898
-3.15092,10.9363,-1.11671,1,0.519615
-3.08512,10.8015,-1.11671,1,0.547723
-3.01933,10.6667,-1.11671,1,0.574456
-2.95353,10.5319,-1.11671,1,0.6
-2.88774,10.3971,-1.11671,1,0.6245
-2.82194,10.2623,-1.11671,1,0.648074
-2.75615,10.1275,-1.11671,1,0.67082
-2.69035,9.9927,-1.11671,1,0.69282
-2.62455,9.8579,-1.11671,1,0.714143
-2.55876,9.7231,-1.11671,1,0.734847
-2.49296,9.5883,-1.11671,1,0.754983
-2.42717,9.4535,-1.11671,1,0.774597
-2.36137,9.3187,-1.11671,1,0.793725
-2.29558,9.18391,-1.11671,1,0.812404
-2.22978,9.04911,-1.11671,1,0.830662
-2.16399,8.91431,-1.11671,1,0.848528
-2.09819,8.77951,-1.11671,1,0.866025
-2.0324,8.64471,-1.11671,1,0.883176
-1.9666,8.50991,-1.11671,1,0.9
-1.9008,8.37511,-1.11671,1,0.916515
-1.83501,8.24031,-1.11671,1,0.916515
-1.76921,8.10551,-1.11671,1,0.9
-1.70342,7.97071,-1.11671,1,0.883176
-1.63762,7.83591,-1.11671,1,0.866025
-1.57183,7.70111,-1.11671,1,0.848528
-1.50603,7.56631,-1.11671,1,0.830662
-1.44024,7.43151,-1.11671,1,0.812404
-1.37444,7.29671,-1.11671,1,0.793725
-1.30865,7.16191,-1.11671,1,0.774597
-1.24285,7.02711,-1.11671,1,0.754983
-1.17705,6.89231,-1.11671,1,0.734847
-1.11126,6.75751,-1.11671,1,0.714143
-1.04546,6.62272,-1.11671,1,0.69282
-0.979668,6.48792,-1.11671,1,0.67082
-0.913872,6.35312,-1.11671,1,0.648074
-0.848077,6.21832,-1.11671,1,0.6245
-0.782281,6.08352,-1.11671,1,0.6
-0.716486,5.94872,-1.11671,1,0.574456
-0.65069,5.81392,-1.11671,1,0.547723
-0.584895,5.67912,-1.11671,1,0.519615
-0.519099,5.54432,-1.11671,1,0.489898
-0.453304,5.40952,-1.11671,1,0.458258
-0.387508,5.27472,-1.11671,1,0.424264
-0.321713,5.13992,-1.11671,1,0.387298
-0.255917,5.00512,-1.11671,1,0.34641
-0.190122,4.87032,-1.11671,1,0.3
-0.124326,4.73552,-1.11671,1,0.25
-0.0585306,4.60072,-1.11671,1,0.25
-0.0484928,4.58016,-1.63599,2,0.25
-0.0582648,4.43048,-1.63599,1,0.25
-0.0680368,4.2808,-1.63599,1,0.25
-0.0778088,4.13112,-1.63599,1,0.3
-0.0875809,3.98143,-1.63599,1,0.34641
-0.0973529,3.83175,-1.63599,1,0.387298
-0.107125,3.68207,-1.63599,1,0.424264
-0.116897,3.53239,-1.63599,1,0.458258
-0.126669,3.38271,-1.63599,1,0.489898
-0.136441,3.23303,-1.63599,1,0.519615
-0.146213,3.08335,-1.63599,1,0.489898
-0.155985,2.93367,-1.63599,1,0.458258
-0.165757,2.78399,-1.63599,1,0.424264
-0.175529,2.63431,-1.63599,1,0.387298
-0.185301,2.48463,-1.63599,1,0.34641
-0.195073,2.33495,-1.63599,1,0.3
-0.204845,2.18527,-1.63599,1,0.25
-0.214617,2.03558,-1.63599,1,0.25
-0.220324,1.94817,-1.63599,1,0.25
