-13.4868,-1.38221,-1.69443,2,0
-13.5176,-1.6303,-1.69443,1,0.223607
-13.5484,-1.87839,-1.69443,1,0.316228
-13.5793,-2.12649,-1.69443,1,0.387298
-13.6101,-2.37458,-1.69443,1,0.447214
-13.6409,-2.62267,-1.69443,1,0.5
-13.6718,-2.87076,-1.69443,1,0.547723
-13.7026,-3.11885,-1.69443,1,0.591608
-13.7334,-3.36694,-1.69443,1,0.632456
-13.7643,-3.61503,-1.69443,1,0.67082
-13.7951,-3.86313,-1.69443,1,0.707107
-13.8259,-4.11122,-1.69443,1,0.74162
-13.8567,-4.35931,-1.69443,1,0.774597
-13.8876,-4.6074,-1.69443,1,0.774597
-13.9184,-4.85549,-1.69443,1,0.74162
-13.9492,-5.10358,-1.69443,1,0.707107
-13.9801,-5.35167,-1.69443,1,0.67082
-14.0109,-5.59977,-1.69443,1,0.632456
-14.0417,-5.84786,-1.69443,1,0.591608
-14.0726,-6.09595,-1.69443,1,0.547723
-14.1034,-6.34404,-1.69443,1,0.25
-14.1342,-6.59213,-1.69443,1,0.25
-14.165,-6.84022,-1.69443,1,0.25
-14.1959,-7.08831,-1.69443,1,0.25
-14.2267,-7.3364,-1.69443,1,0.25
-14.2305,-7.36676,-0.188797,2,0
-13.9849,-7.41368,-0.188797,1,0.25
-13.7594,-7.45677,0.156306,2,0
-13.5124,-7.41785,0.156306,1,0.25
-13.2655,-7.37893,0.156306,1,0.25
-13.0185,-7.34002,0.156306,1,0.25
-12.7716,-7.3011,0.156306,1,0.25
-12.5246,-7.26218,0.156306,1,0.25
-12.3928,-7.24141,2.9528,2,0
-12.6384,-7.19449,2.9528,1,0.223607
-12.884,-7.14757,2.9528,1,0.316228
-13.1295,-7.10066,2.9528,1,0.25
-13.3751,-7.05374,2.9528,1,0.25
-13.6206,-7.00682,2.9528,1,0.25
-13.8662,-6.9599,2.9528,1,0.25
-14.1117,-6.91298,2.9528,1,0.25
-14.3085,-6.87539,1.72822,2,0
-14.3477,-6.62848,1.72822,1,0.25
-14.3865,-6.38402,-0.188797,2,0
-14.1409,-6.43094,-0.188797,1,0.223607
-13.8954,-6.47786,-0.188797,1,0.316228
-13.6498,-6.52477,-0.188797,1,0.387298
-13.4042,-6.57169,-0.188797,1,0.447214
-13.1587,-6.61861,-0.188797,1,0.5
-12.9131,-6.66553,-0.188797,1,0.547723
-12.6676,-6.71245,-0.188797,1,0.591608
-12.422,-6.75937,-0.188797,1,0.547723
-12.1765,-6.80629,-0.188797,1,0.25
-11.9309,-6.85321,-0.188797,1,0.25
-11.6853,-6.90013,-0.188797,1,0.25
-11.4398,-6.94705,-0.188797,1,0.25
-11.1942,-6.99397,-0.188797,1,0.25
-11.0263,-7.02606,0.156306,2,0
-10.7793,-6.98714,0.156306,1,0.25
-10.5324,-6.94822,0.156306,1,0.25
-10.2854,-6.9093,0.156306,1,0.25
-10.0385,-6.87039,0.156306,1,0.25
-9.79154,-6.83147,0.156306,1,0.25
-9.65974,-6.8107,2.9528,2,0
-9.9053,-6.76378,2.9528,1,0.223607
-10.1509,-6.71686,2.9528,1,0.316228
-10.3964,-6.66994,2.9528,1,0.387298
-10.642,-6.62302,2.9528,1,0.447214
-10.8875,-6.5761,2.9528,1,0.5
-11.1331,-6.52918,2.9528,1,0.547723
-11.3786,-6.48226,2.9528,1,0.591608
-11.6242,-6.43535,2.9528,1,0.632456
-11.8698,-6.38843,2.9528,1,0.67082
-12.1153,-6.34151,2.9528,1,0.707107
-12.3609,-6.29459,2.9528,1,0.67082
-12.6064,-6.24767,2.9528,1,0.632456
-12.852,-6.20075,2.9528,1,0.591608
-13.0975,-6.15383,2.9528,1,0.547723
-13.3431,-6.10691,2.9528,1,0.25
-13.5887,-6.05999,2.9528,1,0.25
-13.8342,-6.01307,2.9528,1,0.25
-14.0798,-5.96615,2.9528,1,0.25
-14.3253,-5.91923,2.9528,1,0.25
-14.4645,-5.89265,1.72822,2,0
-14.5037,-5.64574,1.72822,1,0.25
-14.5425,-5.40128,-0.188797,2,0
-14.2969,-5.4482,-0.188797,1,0.223607
-14.0514,-5.49511,-0.188797,1,0.316228
-13.8058,-5.54203,-0.188797,1,0.387298
-13.5602,-5.58895,-0.188797,1,0.447214
-13.3147,-5.63587,-0.188797,1,0.5
-13.0691,-5.68279,-0.188797,1,0.547723
-12.8236,-5.72971,-0.188797,1,0.591608
-12.578,-5.77663,-0.188797,1,0.632456
-12.3325,-5.82355,-0.188797,1,0.67082
-12.0869,-5.87047,-0.188797,1,0.707107
-11.8413,-5.91739,-0.188797,1,0.74162
-11.5958,-5.96431,-0.188797,1,0.774597
-11.3502,-6.01123,-0.188797,1,0.806226
-11.1047,-6.05815,-0.188797,1,0.774597
-10.8591,-6.10506,-0.188797,1,0.74162
-10.6136,-6.15198,-0.188797,1,0.707107
-10.368,-6.1989,-0.188797,1,0.67082
-10.1224,-6.24582,-0.188797,1,0.632456
-9.87689,-6.29274,-0.188797,1,0.591608
-9.63133,-6.33966,-0.188797,1,0.547723
-9.38577,-6.38658,-0.188797,1,0.25
-9.14022,-6.4335,-0.188797,1,0.25
-8.89466,-6.48042,-0.188797,1,0.25
-8.6491,-6.52734,-0.188797,1,0.25
-8.40354,-6.57426,-0.188797,1,0.25
-8.29319,-6.59534,0.156306,2,0
-8.04624,-6.55643,0.156306,1,0.25
-7.79929,-6.51751,0.156306,1,0.25
-7.55234,-6.47859,0.156306,1,0.25
-7.30539,-6.43967,0.156306,1,0.25
-7.05844,-6.40076,0.156306,1,0.25
-6.92664,-6.37999,2.9528,2,0
-7.1722,-6.33307,2.9528,1,0.223607
-7.41776,-6.28615,2.9528,1,0.316228
-7.66331,-6.23923,2.9528,1,0.387298
-7.90887,-6.19231,2.9528,1,0.447214
-8.15443,-6.14539,2.9528,1,0.5
-8.39999,-6.09847,2.9528,1,0.547723
-8.64554,-6.05155,2.9528,1,0.591608
-8.8911,-6.00463,2.9528,1,0.632456
-9.13666,-5.95771,2.9528,1,0.67082
-9.38221,-5.91079,2.9528,1,0.707107
-9.62777,-5.86387,2.9528,1,0.74162
-9.87333,-5.81696,2.9528,1,0.774597
-10.1189,-5.77004,2.9528,1,0.806226
-10.3644,-5.72312,2.9528,1,0.83666
-10.61,-5.6762,2.9528,1,0.866025
-10.8556,-5.62928,2.9528,1,0.894427
-11.1011,-5.58236,2.9528,1,0.866025
-11.3467,-5.53544,2.9528,1,0.83666
-11.5922,-5.48852,2.9528,1,0.806226
-11.8378,-5.4416,2.9528,1,0.774597
-12.0833,-5.39468,2.9528,1,0.74162
-12.3289,-5.34776,2.9528,1,0.707107
-12.5745,-5.30084,2.9528,1,0.67082
-12.82,-5.25392,2.9528,1,0.632456
-13.0656,-5.20701,2.9528,1,0.591608
-13.3111,-5.16009,2.9528,1,0.547723
-13.5567,-5.11317,2.9528,1,0.25
-13.8022,-5.06625,2.9528,1,0.25
-14.0478,-5.01933,2.9528,1,0.25
-14.2934,-4.97241,2.9528,1,0.25
-14.5389,-4.92549,2.9528,1,0.25
-14.6205,-4.90991,1.72822,2,0
-14.6597,-4.663,1.72822,1,0.25
-14.6985,-4.41854,-0.188797,2,0
-14.4529,-4.46546,-0.188797,1,0.223607
-14.2074,-4.51237,-0.188797,1,0.316228
-13.9618,-4.55929,-0.188797,1,0.387298
-13.7162,-4.60621,-0.188797,1,0.447214
-13.4707,-4.65313,-0.188797,1,0.5
-13.2251,-4.70005,-0.188797,1,0.547723
-12.9796,-4.74697,-0.188797,1,0.591608
-12.734,-4.79389,-0.188797,1,0.632456
-12.4885,-4.84081,-0.188797,1,0.67082
-12.2429,-4.88773,-0.188797,1,0.707107
-11.9973,-4.93465,-0.188797,1,0.74162
-11.7518,-4.98157,-0.188797,1,0.774597
-11.5062,-5.02849,-0.188797,1,0.806226
-11.2607,-5.07541,-0.188797,1,0.83666
-11.0151,-5.12232,-0.188797,1,0.866025
-10.7696,-5.16924,-0.188797,1,0.894427
-10.524,-5.21616,-0.188797,1,0.921954
-10.2784,-5.26308,-0.188797,1,0.948683
-10.0329,-5.31,-0.188797,1,0.974679
-9.78733,-5.35692,-0.188797,1,0.948683
-9.54177,-5.40384,-0.188797,1,0.921954
-9.29622,-5.45076,-0.188797,1,0.894427
-9.05066,-5.49768,-0.188797,1,0.866025
-8.8051,-5.5446,-0.188797,1,0.83666
-8.55954,-5.59152,-0.188797,1,0.806226
-8.31399,-5.63844,-0.188797,1,0.774597
-8.06843,-5.68536,-0.188797,1,0.74162
-7.82287,-5.73228,-0.188797,1,0.707107
-7.57731,-5.77919,-0.188797,1,0.67082
-7.33176,-5.82611,-0.188797,1,0.632456
-7.0862,-5.87303,-0.188797,1,0.591608
-6.84064,-5.91995,-0.188797,1,0.547723
-6.59508,-5.96687,-0.188797,1,0.25
-6.34953,-6.01379,-0.188797,1,0.25
-6.10397,-6.06071,-0.188797,1,0.25
-5.85841,-6.10763,-0.188797,1,0.25
-5.61285,-6.15455,-0.188797,1,0.25
-5.56009,-6.16463,0.156306,2,0
-5.31314,-6.12571,0.156306,1,0.25
-5.06619,-6.0868,0.156306,1,0.25
-4.81924,-6.04788,0.156306,1,0.25
-4.57229,-6.00896,0.156306,1,0.25
-4.32534,-5.97004,0.156306,1,0.25
-4.19354,-5.94927,2.9528,2,0
-4.4391,-5.90235,2.9528,1,0.223607
-4.68466,-5.85543,2.9528,1,0.316228
-4.93021,-5.80852,2.9528,1,0.387298
-5.17577,-5.7616,2.9528,1,0.447214
-5.42133,-5.71468,2.9528,1,0.5
-5.66689,-5.66776,2.9528,1,0.547723
-5.91244,-5.62084,2.9528,1,0.591608
-6.158,-5.57392,2.9528,1,0.632456
-6.40356,-5.527,2.9528,1,0.67082
-6.64912,-5.48008,2.9528,1,0.707107
-6.89467,-5.43316,2.9528,1,0.74162
-7.14023,-5.38624,2.9528,1,0.774597
-7.38579,-5.33932,2.9528,1,0.806226
-7.63135,-5.2924,2.9528,1,0.83666
-7.8769,-5.24548,2.9528,1,0.866025
-8.12246,-5.19857,2.9528,1,0.894427
-8.36802,-5.15165,2.9528,1,0.921954
-8.61358,-5.10473,2.9528,1,0.948683
-8.85913,-5.05781,2.9528,1,0.974679
-9.10469,-5.01089,2.9528,1,1
-9.35025,-4.96397,2.9528,1,1
-9.59581,-4.91705,2.9528,1,1
-9.84136,-4.87013,2.9528,1,1
-10.0869,-4.82321,2.9528,1,1
-10.3325,-4.77629,2.9528,1,0.974679
-10.578,-4.72937,2.9528,1,0.948683
-10.8236,-4.68245,2.9528,1,0.921954
-11.0692,-4.63553,2.9528,1,0.894427
-11.3147,-4.58861,2.9528,1,0.866025
-11.5603,-4.5417,2.9528,1,0.83666
-11.8058,-4.49478,2.9528,1,0.806226
-12.0514,-4.44786,2.9528,1,0.774597
-12.2969,-4.40094,2.9528,1,0.74162
-12.5425,-4.35402,2.9528,1,0.707107
-12.7881,-4.3071,2.9528,1,0.67082
-13.0336,-4.26018,2.9528,1,0.632456
-13.2792,-4.21326,2.9528,1,0.591608
-13.5247,-4.16634,2.9528,1,0.547723
-13.7703,-4.11942,2.9528,1,0.25
-14.0158,-4.0725,2.9528,1,0.25
-14.2614,-4.02558,2.9528,1,0.25
-14.507,-3.97866,2.9528,1,0.25
-14.7525,-3.93175,2.9528,1,0.25
-14.7765,-3.92717,1.72822,2,0
-14.8157,-3.68026,1.72822,1,0.25
-14.8545,-3.4358,-0.188797,2,0
-14.6089,-3.48271,-0.188797,1,0.223607
-14.3634,-3.52963,-0.188797,1,0.316228
-14.1178,-3.57655,-0.188797,1,0.387298
-13.8723,-3.62347,-0.188797,1,0.447214
-13.6267,-3.67039,-0.188797,1,0.5
-13.3811,-3.71731,-0.188797,1,0.547723
-13.1356,-3.76423,-0.188797,1,0.591608
-12.89,-3.81115,-0.188797,1,0.632456
-12.6445,-3.85807,-0.188797,1,0.67082
-12.3989,-3.90499,-0.188797,1,0.707107
-12.1533,-3.95191,-0.188797,1,0.74162
-11.9078,-3.99883,-0.188797,1,0.774597
-11.6622,-4.04575,-0.188797,1,0.806226
-11.4167,-4.09267,-0.188797,1,0.83666
-11.1711,-4.13958,-0.188797,1,0.866025
-10.9256,-4.1865,-0.188797,1,0.894427
-10.68,-4.23342,-0.188797,1,0.921954
-10.4344,-4.28034,-0.188797,1,0.948683
-10.1889,-4.32726,-0.188797,1,0.974679
-9.94333,-4.37418,-0.188797,1,1
-9.69777,-4.4211,-0.188797,1,1
-9.45222,-4.46802,-0.188797,1,1
-9.20666,-4.51494,-0.188797,1,1
-8.9611,-4.56186,-0.188797,1,1
-8.71554,-4.60878,-0.188797,1,1
-8.46999,-4.6557,-0.188797,1,1
-8.22443,-4.70262,-0.188797,1,1
-7.97887,-4.74953,-0.188797,1,1
-7.73331,-4.79645,-0.188797,1,1
-7.48776,-4.84337,-0.188797,1,0.974679
-7.2422,-4.89029,-0.188797,1,0.948683
-6.99664,-4.93721,-0.188797,1,0.921954
-6.75108,-4.98413,-0.188797,1,0.894427
-6.50553,-5.03105,-0.188797,1,0.866025
-6.25997,-5.07797,-0.188797,1,0.83666
-6.01441,-5.12489,-0.188797,1,0.806226
-5.76885,-5.17181,-0.188797,1,0.774597
-5.5233,-5.21873,-0.188797,1,0.74162
-5.27774,-5.26565,-0.188797,1,0.707107
-5.03218,-5.31257,-0.188797,1,0.67082
-4.78662,-5.35949,-0.188797,1,0.632456
-4.54107,-5.4064,-0.188797,1,0.591608
-4.29551,-5.45332,-0.188797,1,0.547723
-4.04995,-5.50024,-0.188797,1,0.25
-3.80439,-5.54716,-0.188797,1,0.25
-3.55884,-5.59408,-0.188797,1,0.25
-3.31328,-5.641,-0.188797,1,0.25
-3.06772,-5.68792,-0.188797,1,0.25
-2.82699,-5.73392,0.386167,2,0
-2.59541,-5.63976,0.386167,1,0.25
-2.36382,-5.5456,0.386167,1,0.25
-2.13223,-5.45144,0.386167,1,0.25
-2.02977,-5.40978,2.9528,2,0
-2.27532,-5.36286,2.9528,1,0.223607
-2.52088,-5.31594,2.9528,1,0.316228
-2.76644,-5.26902,2.9528,1,0.387298
-3.012,-5.2221,2.9528,1,0.447214
-3.25755,-5.17518,2.9528,1,0.5
-3.50311,-5.12826,2.9528,1,0.547723
-3.74867,-5.08134,2.9528,1,0.591608
-3.99423,-5.03442,2.9528,1,0.632456
-4.23978,-4.9875,2.9528,1,0.67082
-4.48534,-4.94059,2.9528,1,0.707107
-4.7309,-4.89367,2.9528,1,0.74162
-4.97646,-4.84675,2.9528,1,0.774597
-5.22201,-4.79983,2.9528,1,0.806226
-5.46757,-4.75291,2.9528,1,0.83666
-5.71313,-4.70599,2.9528,1,0.866025
-5.95869,-4.65907,2.9528,1,0.894427
-6.20424,-4.61215,2.9528,1,0.921954
-6.4498,-4.56523,2.9528,1,0.948683
-6.69536,-4.51831,2.9528,1,0.974679
-6.94092,-4.47139,2.9528,1,1
-7.18647,-4.42447,2.9528,1,1
-7.43203,-4.37755,2.9528,1,1
-7.67759,-4.33064,2.9528,1,1
-7.92315,-4.28372,2.9528,1,1
-8.1687,-4.2368,2.9528,1,1
-8.41426,-4.18988,2.9528,1,1
-8.65982,-4.14296,2.9528,1,1
-8.90538,-4.09604,2.9528,1,1
-9.15093,-4.04912,2.9528,1,1
-9.39649,-4.0022,2.9528,1,1
-9.64205,-3.95528,2.9528,1,1
-9.88761,-3.90836,2.9528,1,1
-10.1332,-3.86144,2.9528,1,1
-10.3787,-3.81452,2.9528,1,0.974679
-10.6243,-3.7676,2.9528,1,0.948683
-10.8698,-3.72068,2.9528,1,0.921954
-11.1154,-3.67377,2.9528,1,0.894427
-11.361,-3.62685,2.9528,1,0.866025
-11.6065,-3.57993,2.9528,1,0.83666
-11.8521,-3.53301,2.9528,1,0.806226
-12.0976,-3.48609,2.9528,1,0.774597
-12.3432,-3.43917,2.9528,1,0.74162
-12.5887,-3.39225,2.9528,1,0.707107
-12.8343,-3.34533,2.9528,1,0.67082
-13.0799,-3.29841,2.9528,1,0.632456
-13.3254,-3.25149,2.9528,1,0.591608
-13.571,-3.20457,2.9528,1,0.547723
-13.8165,-3.15765,2.9528,1,0.25
-14.0621,-3.11073,2.9528,1,0.25
-14.3076,-3.06382,2.9528,1,0.25
-14.5532,-3.0169,2.9528,1,0.25
-14.7988,-2.96998,2.9528,1,0.25
-14.9325,-2.94442,1.72822,2,0
-14.9717,-2.69752,1.72822,1,0.25
-15.0105,-2.45305,-0.188797,2,0
-14.7649,-2.49997,-0.188797,1,0.223607
-14.5194,-2.54689,-0.188797,1,0.316228
-14.2738,-2.59381,-0.188797,1,0.387298
-14.0283,-2.64073,-0.188797,1,0.447214
-13.7827,-2.68765,-0.188797,1,0.5
-13.5371,-2.73457,-0.188797,1,0.547723
-13.2916,-2.78149,-0.188797,1,0.591608
-13.046,-2.82841,-0.188797,1,0.632456
-12.8005,-2.87533,-0.188797,1,0.67082
-12.5549,-2.92225,-0.188797,1,0.707107
-12.3094,-2.96917,-0.188797,1,0.74162
-12.0638,-3.01609,-0.188797,1,0.774597
-11.8182,-3.06301,-0.188797,1,0.806226
-11.5727,-3.10992,-0.188797,1,0.83666
-11.3271,-3.15684,-0.188797,1,0.866025
-11.0816,-3.20376,-0.188797,1,0.894427
-10.836,-3.25068,-0.188797,1,0.921954
-10.5904,-3.2976,-0.188797,1,0.948683
-10.3449,-3.34452,-0.188797,1,0.974679
-10.0993,-3.39144,-0.188797,1,1
-9.85378,-3.43836,-0.188797,1,1
-9.60822,-3.48528,-0.188797,1,1
-9.36266,-3.5322,-0.188797,1,1
-9.1171,-3.57912,-0.188797,1,1
-8.87155,-3.62604,-0.188797,1,1
-8.62599,-3.67296,-0.188797,1,1
-8.38043,-3.71988,-0.188797,1,1
-8.13487,-3.76679,-0.188797,1,1
-7.88932,-3.81371,-0.188797,1,1
-7.64376,-3.86063,-0.188797,1,1
-7.3982,-3.90755,-0.188797,1,1
-7.15264,-3.95447,-0.188797,1,1
-6.90709,-4.00139,-0.188797,1,1
-6.66153,-4.04831,-0.188797,1,0.974679
-6.41597,-4.09523,-0.188797,1,0.948683
-6.17041,-4.14215,-0.188797,1,0.921954
-5.92486,-4.18907,-0.188797,1,0.894427
-5.6793,-4.23599,-0.188797,1,0.866025
-5.43374,-4.28291,-0.188797,1,0.83666
-5.18818,-4.32983,-0.188797,1,0.806226
-4.94263,-4.37674,-0.188797,1,0.774597
-4.69707,-4.42366,-0.188797,1,0.74162
-4.45151,-4.47058,-0.188797,1,0.707107
-4.20595,-4.5175,-0.188797,1,0.67082
-3.9604,-4.56442,-0.188797,1,0.632456
-3.71484,-4.61134,-0.188797,1,0.591608
-3.46928,-4.65826,-0.188797,1,0.547723
-3.22372,-4.70518,-0.188797,1,0.25
-2.97817,-4.7521,-0.188797,1,0.25
-2.73261,-4.79902,-0.188797,1,0.25
-2.48705,-4.84594,-0.188797,1,0.25
-2.24149,-4.89286,-0.188797,1,0.25
-2.01427,-4.93627,1.53809,2,0
-2.0061,-4.68641,1.53809,1,0.25
-1.99878,-4.46277,2.9528,2,0
-2.24434,-4.41585,2.9528,1,0.223607
-2.4899,-4.36893,2.9528,1,0.316228
-2.73546,-4.32201,2.9528,1,0.387298
-2.98101,-4.27509,2.9528,1,0.447214
-3.22657,-4.22817,2.9528,1,0.5
-3.47213,-4.18125,2.9528,1,0.547723
-3.71769,-4.13433,2.9528,1,0.591608
-3.96324,-4.08741,2.9528,1,0.632456
-4.2088,-4.04049,2.9528,1,0.67082
-4.45436,-3.99357,2.9528,1,0.707107
-4.69992,-3.94665,2.9528,1,0.74162
-4.94547,-3.89973,2.9528,1,0.774597
-5.19103,-3.85281,2.9528,1,0.806226
-5.43659,-3.8059,2.9528,1,0.83666
-5.68215,-3.75898,2.9528,1,0.866025
-5.9277,-3.71206,2.9528,1,0.894427
-6.17326,-3.66514,2.9528,1,0.921954
-6.41882,-3.61822,2.9528,1,0.948683
-6.66438,-3.5713,2.9528,1,0.974679
-6.90993,-3.52438,2.9528,1,1
-7.15549,-3.47746,2.9528,1,1
-7.40105,-3.43054,2.9528,1,1
-7.64661,-3.38362,2.9528,1,1
-7.89216,-3.3367,2.9528,1,1
-8.13772,-3.28978,2.9528,1,1
-8.38328,-3.24286,2.9528,1,1
-8.62884,-3.19595,2.9528,1,1
-8.87439,-3.14903,2.9528,1,1
-9.11995,-3.10211,2.9528,1,1
-9.36551,-3.05519,2.9528,1,1
-9.61107,-3.00827,2.9528,1,1
-9.85662,-2.96135,2.9528,1,1
-10.1022,-2.91443,2.9528,1,1
-10.3477,-2.86751,2.9528,1,1
-10.5933,-2.82059,2.9528,1,0.974679
-10.8389,-2.77367,2.9528,1,0.948683
-11.0844,-2.72675,2.9528,1,0.921954
-11.33,-2.67983,2.9528,1,0.894427
-11.5755,-2.63291,2.9528,1,0.866025
-11.8211,-2.58599,2.9528,1,0.83666
-12.0666,-2.53908,2.9528,1,0.806226
-12.3122,-2.49216,2.9528,1,0.774597
-12.5578,-2.44524,2.9528,1,0.74162
-12.8033,-2.39832,2.9528,1,0.707107
-13.0489,-2.3514,2.9528,1,0.67082
-13.2944,-2.30448,2.9528,1,0.632456
-13.54,-2.25756,2.9528,1,0.591608
-13.7855,-2.21064,2.9528,1,0.547723
-14.0311,-2.16372,2.9528,1,0.25
-14.2767,-2.1168,2.9528,1,0.25
-14.5222,-2.06988,2.9528,1,0.25
-14.7678,-2.02296,2.9528,1,0.25
-15.0133,-1.97604,2.9528,1,0.25
-15.0885,-1.96168,1.72822,2,0
-15.1277,-1.71478,1.72822,1,0.25
-15.1665,-1.47031,-0.188797,2,0
-14.9209,-1.51723,-0.188797,1,0.223607
-14.6754,-1.56415,-0.188797,1,0.316228
-14.4298,-1.61107,-0.188797,1,0.387298
-14.1843,-1.65799,-0.188797,1,0.447214
-13.9387,-1.70491,-0.188797,1,0.5
-13.6931,-1.75183,-0.188797,1,0.547723
-13.4476,-1.79875,-0.188797,1,0.591608
-13.202,-1.84567,-0.188797,1,0.632456
-12.9565,-1.89259,-0.188797,1,0.67082
-12.7109,-1.93951,-0.188797,1,0.707107
-12.4654,-1.98643,-0.188797,1,0.74162
-12.2198,-2.03335,-0.188797,1,0.774597
-11.9742,-2.08026,-0.188797,1,0.806226
-11.7287,-2.12718,-0.188797,1,0.83666
-11.4831,-2.1741,-0.188797,1,0.866025
-11.2376,-2.22102,-0.188797,1,0.894427
-10.992,-2.26794,-0.188797,1,0.921954
-10.7465,-2.31486,-0.188797,1,0.948683
-10.5009,-2.36178,-0.188797,1,0.974679
-10.2553,-2.4087,-0.188797,1,1
-10.0098,-2.45562,-0.188797,1,1
-9.76422,-2.50254,-0.188797,1,1
-9.51866,-2.54946,-0.188797,1,1
-9.27311,-2.59638,-0.188797,1,1
-9.02755,-2.6433,-0.188797,1,1
-8.78199,-2.69022,-0.188797,1,1
-8.53643,-2.73713,-0.188797,1,1
-8.29088,-2.78405,-0.188797,1,1
-8.04532,-2.83097,-0.188797,1,1
-7.79976,-2.87789,-0.188797,1,1
-7.5542,-2.92481,-0.188797,1,1
-7.30865,-2.97173,-0.188797,1,1
-7.06309,-3.01865,-0.188797,1,1
-6.81753,-3.06557,-0.188797,1,1
-6.57197,-3.11249,-0.188797,1,0.974679
-6.32642,-3.15941,-0.188797,1,0.948683
-6.08086,-3.20633,-0.188797,1,0.921954
-5.8353,-3.25325,-0.188797,1,0.894427
-5.58974,-3.30017,-0.188797,1,0.866025
-5.34419,-3.34708,-0.188797,1,0.83666
-5.09863,-3.394,-0.188797,1,0.806226
-4.85307,-3.44092,-0.188797,1,0.774597
-4.60751,-3.48784,-0.188797,1,0.74162
-4.36196,-3.53476,-0.188797,1,0.707107
-4.1164,-3.58168,-0.188797,1,0.67082
-3.87084,-3.6286,-0.188797,1,0.632456
-3.62528,-3.67552,-0.188797,1,0.591608
-3.37973,-3.72244,-0.188797,1,0.547723
-3.13417,-3.76936,-0.188797,1,0.25
-2.88861,-3.81628,-0.188797,1,0.25
-2.64305,-3.8632,-0.188797,1,0.25
-2.3975,-3.91012,-0.188797,1,0.25
-2.15194,-3.95704,-0.188797,1,0.25
-1.98329,-3.98926,1.53809,2,0
-1.97512,-3.7394,1.53809,1,0.25
-1.9678,-3.51575,2.9528,2,0
-2.21336,-3.46883,2.9528,1,0.223607
-2.45892,-3.42191,2.9528,1,0.316228
-2.70447,-3.37499,2.9528,1,0.387298
-2.95003,-3.32808,2.9528,1,0.447214
-3.19559,-3.28116,2.9528,1,0.5
-3.44115,-3.23424,2.9528,1,0.547723
-3.6867,-3.18732,2.9528,1,0.591608
-3.93226,-3.1404,2.9528,1,0.632456
-4.17782,-3.09348,2.9528,1,0.67082
-4.42338,-3.04656,2.9528,1,0.707107
-4.66893,-2.99964,2.9528,1,0.74162
-4.91449,-2.95272,2.9528,1,0.774597
-5.16005,-2.9058,2.9528,1,0.806226
-5.40561,-2.85888,2.9528,1,0.83666
-5.65117,-2.81196,2.9528,1,0.866025
-5.89672,-2.76504,2.9528,1,0.894427
-6.14228,-2.71812,2.9528,1,0.921954
-6.38784,-2.67121,2.9528,1,0.948683
-6.63339,-2.62429,2.9528,1,0.974679
-6.87895,-2.57737,2.9528,1,1
-7.12451,-2.53045,2.9528,1,1
-7.37007,-2.48353,2.9528,1,1
-7.61562,-2.43661,2.9528,1,1
-7.86118,-2.38969,2.9528,1,1
-8.10674,-2.34277,2.9528,1,1
-8.3523,-2.29585,2.9528,1,1
-8.59785,-2.24893,2.9528,1,1
-8.84341,-2.20201,2.9528,1,1
-9.08897,-2.15509,2.9528,1,1
-9.33453,-2.10817,2.9528,1,1
-9.58008,-2.06125,2.9528,1,1
-9.82564,-2.01434,2.9528,1,1
-10.0712,-1.96742,2.9528,1,1
-10.3168,-1.9205,2.9528,1,1
-10.5623,-1.87358,2.9528,1,0.974679
-10.8079,-1.82666,2.9528,1,0.948683
-11.0534,-1.77974,2.9528,1,0.921954
-11.299,-1.73282,2.9528,1,0.894427
-11.5445,-1.6859,2.9528,1,0.866025
-11.7901,-1.63898,2.9528,1,0.83666
-12.0357,-1.59206,2.9528,1,0.806226
-12.2812,-1.54514,2.9528,1,0.774597
-12.5268,-1.49822,2.9528,1,0.74162
-12.7723,-1.4513,2.9528,1,0.707107
-13.0179,-1.40438,2.9528,1,0.67082
-13.2634,-1.35747,2.9528,1,0.632456
-13.509,-1.31055,2.9528,1,0.591608
-13.7546,-1.26363,2.9528,1,0.547723
-14.0001,-1.21671,2.9528,1,0.25
-14.2457,-1.16979,2.9528,1,0.25
-14.4912,-1.12287,2.9528,1,0.25
-14.7368,-1.07595,2.9528,1,0.25
-14.9824,-1.02903,2.9528,1,0.25
-15.1182,-1.00308,1.29801,2,0
-15.0508,-0.76233,1.29801,1,0.25
-14.9916,-0.550792,-0.188797,2,0
-14.7461,-0.597711,-0.188797,1,0.223607
-14.5005,-0.64463,-0.188797,1,0.316228
-14.255,-0.691549,-0.188797,1,0.387298
-14.0094,-0.738469,-0.188797,1,0.447214
-13.7638,-0.785388,-0.188797,1,0.5
-13.5183,-0.832307,-0.188797,1,0.547723
-13.2727,-0.879226,-0.188797,1,0.591608
-13.0272,-0.926146,-0.188797,1,0.632456
-12.7816,-0.973065,-0.188797,1,0.67082
-12.5361,-1.01998,-0.188797,1,0.707107
-12.2905,-1.0669,-0.188797,1,0.74162
-12.0449,-1.11382,-0.188797,1,0.774597
-11.7994,-1.16074,-0.188797,1,0.806226
-11.5538,-1.20766,-0.188797,1,0.83666
-11.3083,-1.25458,-0.188797,1,0.866025
-11.0627,-1.3015,-0.188797,1,0.894427
-10.8172,-1.34842,-0.188797,1,0.921954
-10.5716,-1.39534,-0.188797,1,0.948683
-10.326,-1.44226,-0.188797,1,0.974679
-10.0805,-1.48918,-0.188797,1,1
-9.83492,-1.5361,-0.188797,1,1
-9.58936,-1.58302,-0.188797,1,1
-9.34381,-1.62993,-0.188797,1,1
-9.09825,-1.67685,-0.188797,1,1
-8.85269,-1.72377,-0.188797,1,1
-8.60713,-1.77069,-0.188797,1,1
-8.36158,-1.81761,-0.188797,1,1
-8.11602,-1.86453,-0.188797,1,1
-7.87046,-1.91145,-0.188797,1,1
-7.6249,-1.95837,-0.188797,1,1
-7.37935,-2.00529,-0.188797,1,1
-7.13379,-2.05221,-0.188797,1,1
-6.88823,-2.09913,-0.188797,1,1
-6.64267,-2.14605,-0.188797,1,1
-6.39712,-2.19297,-0.188797,1,0.974679
-6.15156,-2.23989,-0.188797,1,0.948683
-5.906,-2.2868,-0.188797,1,0.921954
-5.66044,-2.33372,-0.188797,1,0.894427
-5.41489,-2.38064,-0.188797,1,0.866025
-5.16933,-2.42756,-0.188797,1,0.83666
-4.92377,-2.47448,-0.188797,1,0.806226
-4.67821,-2.5214,-0.188797,1,0.774597
-4.43266,-2.56832,-0.188797,1,0.74162
-4.1871,-2.61524,-0.188797,1,0.707107
-3.94154,-2.66216,-0.188797,1,0.67082
-3.69598,-2.70908,-0.188797,1,0.632456
-3.45043,-2.756,-0.188797,1,0.591608
-3.20487,-2.80292,-0.188797,1,0.547723
-2.95931,-2.84984,-0.188797,1,0.25
-2.71375,-2.89676,-0.188797,1,0.25
-2.4682,-2.94367,-0.188797,1,0.25
-2.22264,-2.99059,-0.188797,1,0.25
-1.97708,-3.03751,-0.188797,1,0.25
-1.95231,-3.04225,1.53809,2,0
-1.94414,-2.79238,1.53809,1,0.25
-1.93682,-2.56874,2.9528,2,0
-2.18238,-2.52182,2.9528,1,0.223607
-2.42794,-2.4749,2.9528,1,0.316228
-2.67349,-2.42798,2.9528,1,0.387298
-2.91905,-2.38106,2.9528,1,0.447214
-3.16461,-2.33414,2.9528,1,0.5
-3.41017,-2.28722,2.9528,1,0.547723
-3.65572,-2.2403,2.9528,1,0.591608
-3.90128,-2.19338,2.9528,1,0.632456
-4.14684,-2.14647,2.9528,1,0.67082
-4.3924,-2.09955,2.9528,1,0.707107
-4.63795,-2.05263,2.9528,1,0.74162
-4.88351,-2.00571,2.9528,1,0.774597
-5.12907,-1.95879,2.9528,1,0.806226
-5.37463,-1.91187,2.9528,1,0.83666
-5.62018,-1.86495,2.9528,1,0.866025
-5.86574,-1.81803,2.9528,1,0.894427
-6.1113,-1.77111,2.9528,1,0.921954
-6.35686,-1.72419,2.9528,1,0.948683
-6.60241,-1.67727,2.9528,1,0.974679
-6.84797,-1.63035,2.9528,1,1
-7.09353,-1.58343,2.9528,1,1
-7.33909,-1.53651,2.9528,1,1
-7.58464,-1.4896,2.9528,1,1
-7.8302,-1.44268,2.9528,1,1
-8.07576,-1.39576,2.9528,1,1
-8.32132,-1.34884,2.9528,1,1
-8.56687,-1.30192,2.9528,1,1
-8.81243,-1.255,2.9528,1,1
-9.05799,-1.20808,2.9528,1,1
-9.30355,-1.16116,2.9528,1,1
-9.5491,-1.11424,2.9528,1,1
-9.79466,-1.06732,2.9528,1,1
-10.0402,-1.0204,2.9528,1,1
-10.2858,-0.973484,2.9528,1,0.974679
-10.5313,-0.926565,2.9528,1,0.948683
-10.7769,-0.879645,2.9528,1,0.921954
-11.0224,-0.832726,2.9528,1,0.894427
-11.268,-0.785807,2.9528,1,0.866025
-11.5136,-0.738887,2.9528,1,0.83666
-11.7591,-0.691968,2.9528,1,0.806226
-12.0047,-0.645049,2.9528,1,0.774597
-12.2502,-0.59813,2.9528,1,0.74162
-12.4958,-0.55121,2.9528,1,0.707107
-12.7414,-0.504291,2.9528,1,0.67082
-12.9869,-0.457372,2.9528,1,0.632456
-13.2325,-0.410453,2.9528,1,0.591608
-13.478,-0.363533,2.9528,1,0.547723
-13.7236,-0.316614,2.9528,1,0.25
-13.9691,-0.269695,2.9528,1,0.25
-14.2147,-0.222775,2.9528,1,0.25
-14.4603,-0.175856,2.9528,1,0.25
-14.7058,-0.128937,2.9528,1,0.25
-14.8651,-0.0985016,1.29801,2,0
-14.7977,0.14225,1.29801,1,0.25
-14.7386,0.353788,-0.188797,2,0
-14.493,0.306869,-0.188797,1,0.223607
-14.2475,0.25995,-0.188797,1,0.316228
-14.0019,0.213031,-0.188797,1,0.387298
-13.7563,0.166111,-0.188797,1,0.447214
-13.5108,0.119192,-0.188797,1,0.5
-13.2652,0.0722727,-0.188797,1,0.547723
-13.0197,0.0253534,-0.188797,1,0.591608
-12.7741,-0.0215658,-0.188797,1,0.632456
-12.5285,-0.0684851,-0.188797,1,0.67082
-12.283,-0.115404,-0.188797,1,0.707107
-12.0374,-0.162324,-0.188797,1,0.74162
-11.7919,-0.209243,-0.188797,1,0.774597
-11.5463,-0.256162,-0.188797,1,0.806226
-11.3008,-0.303081,-0.188797,1,0.83666
-11.0552,-0.350001,-0.188797,1,0.866025
-10.8096,-0.39692,-0.188797,1,0.894427
-10.5641,-0.443839,-0.188797,1,0.921954
-10.3185,-0.490759,-0.188797,1,0.948683
-10.073,-0.537678,-0.188797,1,0.974679
-9.82742,-0.584597,-0.188797,1,1
-9.58186,-0.631516,-0.188797,1,1
-9.3363,-0.678436,-0.188797,1,1
-9.09074,-0.725355,-0.188797,1,1
-8.84519,-0.772274,-0.188797,1,1
-8.59963,-0.819193,-0.188797,1,1
-8.35407,-0.866113,-0.188797,1,1
-8.10851,-0.913032,-0.188797,1,1
-7.86296,-0.959951,-0.188797,1,1
-7.6174,-1.00687,-0.188797,1,1
-7.37184,-1.05379,-0.188797,1,1
-7.12628,-1.10071,-0.188797,1,1
-6.88073,-1.14763,-0.188797,1,1
-6.63517,-1.19455,-0.188797,1,1
-6.38961,-1.24147,-0.188797,1,0.974679
-6.14405,-1.28839,-0.188797,1,0.948683
-5.8985,-1.33531,-0.188797,1,0.921954
-5.65294,-1.38222,-0.188797,1,0.894427
-5.40738,-1.42914,-0.188797,1,0.866025
-5.16182,-1.47606,-0.188797,1,0.83666
-4.91627,-1.52298,-0.188797,1,0.806226
-4.67071,-1.5699,-0.188797,1,0.774597
-4.42515,-1.61682,-0.188797,1,0.74162
-4.17959,-1.66374,-0.188797,1,0.707107
-3.93404,-1.71066,-0.188797,1,0.67082
-3.68848,-1.75758,-0.188797,1,0.632456
-3.44292,-1.8045,-0.188797,1,0.591608
-3.19736,-1.85142,-0.188797,1,0.547723
-2.95181,-1.89834,-0.188797,1,0.25
-2.70625,-1.94526,-0.188797,1,0.25
-2.46069,-1.99218,-0.188797,1,0.25
-2.21513,-2.03909,-0.188797,1,0.25
-1.96958,-2.08601,-0.188797,1,0.25
-1.92133,-2.09523,1.53809,2,0
-1.91316,-1.84537,1.53809,1,0.25
-1.90584,-1.62173,2.9528,2,0
-2.1514,-1.57481,2.9528,1,0.223607
-2.39695,-1.52789,2.9528,1,0.316228
-2.64251,-1.48097,2.9528,1,0.387298
-2.88807,-1.43405,2.9528,1,0.447214
-3.13363,-1.38713,2.9528,1,0.5
-3.37918,-1.34021,2.9528,1,0.547723
-3.62474,-1.29329,2.9528,1,0.591608
-3.8703,-1.24637,2.9528,1,0.632456
-4.11586,-1.19945,2.9528,1,0.67082
-4.36141,-1.15253,2.9528,1,0.707107
-4.60697,-1.10561,2.9528,1,0.74162
-4.85253,-1.05869,2.9528,1,0.774597
-5.09809,-1.01178,2.9528,1,0.806226
-5.34364,-0.964856,2.9528,1,0.83666
-5.5892,-0.917937,2.9528,1,0.866025
-5.83476,-0.871018,2.9528,1,0.894427
-6.08032,-0.824098,2.9528,1,0.921954
-6.32587,-0.777179,2.9528,1,0.948683
-6.57143,-0.73026,2.9528,1,0.974679
-6.81699,-0.68334,2.9528,1,1
-7.06255,-0.636421,2.9528,1,1
-7.3081,-0.589502,2.9528,1,1
-7.55366,-0.542583,2.9528,1,1
-7.79922,-0.495663,2.9528,1,1
-8.04478,-0.448744,2.9528,1,1
-8.29033,-0.401825,2.9528,1,1
-8.53589,-0.354906,2.9528,1,1
-8.78145,-0.307986,2.9528,1,1
-9.02701,-0.261067,2.9528,1,1
-9.27256,-0.214148,2.9528,1,1
-9.51812,-0.167228,2.9528,1,1
-9.76368,-0.120309,2.9528,1,1
-10.0092,-0.0733899,2.9528,1,0.974679
-10.2548,-0.0264706,2.9528,1,0.948683
-10.5004,0.0204487,2.9528,1,0.921954
-10.7459,0.0673679,2.9528,1,0.894427
-10.9915,0.114287,2.9528,1,0.866025
-11.237,0.161206,2.9528,1,0.83666
-11.4826,0.208126,2.9528,1,0.806226
-11.7281,0.255045,2.9528,1,0.774597
-11.9737,0.301964,2.9528,1,0.74162
-12.2193,0.348884,2.9528,1,0.707107
-12.4648,0.395803,2.9528,1,0.67082
-12.7104,0.442722,2.9528,1,0.632456
-12.9559,0.489641,2.9528,1,0.591608
-13.2015,0.536561,2.9528,1,0.547723
-13.447,0.58348,2.9528,1,0.25
-13.6926,0.630399,2.9528,1,0.25
-13.9382,0.677318,2.9528,1,0.25
-14.1837,0.724238,2.9528,1,0.25
-14.4293,0.771157,2.9528,1,0.25
-14.612,0.806078,1.29801,2,0
-14.5447,1.04683,1.29801,1,0.25
-14.4855,1.25837,-0.188797,2,0
-14.2399,1.21145,-0.188797,1,0.223607
-13.9944,1.16453,-0.188797,1,0.316228
-13.7488,1.11761,-0.188797,1,0.387298
-13.5033,1.07069,-0.188797,1,0.447214
-13.2577,1.02377,-0.188797,1,0.5
-13.0122,0.976853,-0.188797,1,0.547723
-12.7666,0.929933,-0.188797,1,0.591608
-12.521,0.883014,-0.188797,1,0.632456
-12.2755,0.836095,-0.188797,1,0.67082
-12.0299,0.789175,-0.188797,1,0.707107
-11.7844,0.742256,-0.188797,1,0.74162
-11.5388,0.695337,-0.188797,1,0.774597
-11.2933,0.648418,-0.188797,1,0.806226
-11.0477,0.601498,-0.188797,1,0.83666
-10.8021,0.554579,-0.188797,1,0.866025
-10.5566,0.50766,-0.188797,1,0.894427
-10.311,0.460741,-0.188797,1,0.921954
-10.0655,0.413821,-0.188797,1,0.948683
-9.81991,0.366902,-0.188797,1,0.974679
-9.57436,0.319983,-0.188797,1,1
-9.3288,0.273064,-0.188797,1,1
-9.08324,0.226144,-0.188797,1,1
-8.83768,0.179225,-0.188797,1,1
-8.59213,0.132306,-0.188797,1,1
-8.34657,0.0853864,-0.188797,1,1
-8.10101,0.0384671,-0.188797,1,1
-7.85545,-0.00845213,-0.188797,1,1
-7.6099,-0.0553714,-0.188797,1,1
-7.36434,-0.102291,-0.188797,1,1
-7.11878,-0.14921,-0.188797,1,1
-6.87322,-0.196129,-0.188797,1,1
-6.62767,-0.243048,-0.188797,1,1
-6.38211,-0.289968,-0.188797,1,0.974679
-6.13655,-0.336887,-0.188797,1,0.948683
-5.89099,-0.383806,-0.188797,1,0.921954
-5.64544,-0.430726,-0.188797,1,0.894427
-5.39988,-0.477645,-0.188797,1,0.866025
-5.15432,-0.524564,-0.188797,1,0.83666
-4.90876,-0.571483,-0.188797,1,0.806226
-4.66321,-0.618403,-0.188797,1,0.774597
-4.41765,-0.665322,-0.188797,1,0.74162
-4.17209,-0.712241,-0.188797,1,0.707107
-3.92653,-0.75916,-0.188797,1,0.67082
-3.68098,-0.80608,-0.188797,1,0.632456
-3.43542,-0.852999,-0.188797,1,0.591608
-3.18986,-0.899918,-0.188797,1,0.547723
-2.9443,-0.946838,-0.188797,1,0.25
-2.69875,-0.993757,-0.188797,1,0.25
-2.45319,-1.04068,-0.188797,1,0.25
-2.20763,-1.0876,-0.188797,1,0.25
-1.96207,-1.13451,-0.188797,1,0.25
-1.89035,-1.14822,1.53809,2,0
-1.88217,-0.898358,1.53809,1,0.25
-1.87486,-0.674713,2.9528,2,0
-2.12042,-0.627793,2.9528,1,0.223607
-2.36597,-0.580874,2.9528,1,0.316228
-2.61153,-0.533955,2.9528,1,0.387298
-2.85709,-0.487036,2.9528,1,0.447214
-3.10265,-0.440116,2.9528,1,0.5
-3.3482,-0.393197,2.9528,1,0.547723
-3.59376,-0.346278,2.9528,1,0.591608
-3.83932,-0.299358,2.9528,1,0.632456
-4.08488,-0.252439,2.9528,1,0.67082
-4.33043,-0.20552,2.9528,1,0.707107
-4.57599,-0.158601,2.9528,1,0.74162
-4.82155,-0.111681,2.9528,1,0.774597
-5.06711,-0.0647621,2.9528,1,0.806226
-5.31266,-0.0178428,2.9528,1,0.83666
-5.55822,0.0290764,2.9528,1,0.866025
-5.80378,0.0759957,2.9528,1,0.894427
-6.04934,0.122915,2.9528,1,0.921954
-6.29489,0.169834,2.9528,1,0.948683
-6.54045,0.216754,2.9528,1,0.974679
-6.78601,0.263673,2.9528,1,1
-7.03157,0.310592,2.9528,1,1
-7.27712,0.357511,2.9528,1,1
-7.52268,0.404431,2.9528,1,1
-7.76824,0.45135,2.9528,1,1
-8.0138,0.498269,2.9528,1,1
-8.25935,0.545188,2.9528,1,1
-8.50491,0.592108,2.9528,1,1
-8.75047,0.639027,2.9528,1,1
-8.99603,0.685946,2.9528,1,1
-9.24158,0.732866,2.9528,1,1
-9.48714,0.779785,2.9528,1,1
-9.7327,0.826704,2.9528,1,0.974679
-9.97826,0.873623,2.9528,1,0.948683
-10.2238,0.920543,2.9528,1,0.921954
-10.4694,0.967462,2.9528,1,0.894427
-10.7149,1.01438,2.9528,1,0.866025
-10.9605,1.0613,2.9528,1,0.83666
-11.206,1.10822,2.9528,1,0.806226
-11.4516,1.15514,2.9528,1,0.774597
-11.6972,1.20206,2.9528,1,0.74162
-11.9427,1.24898,2.9528,1,0.707107
-12.1883,1.2959,2.9528,1,0.67082
-12.4338,1.34282,2.9528,1,0.632456
-12.6794,1.38974,2.9528,1,0.591608
-12.9249,1.43665,2.9528,1,0.547723
-13.1705,1.48357,2.9528,1,0.25
-13.4161,1.53049,2.9528,1,0.25
-13.6616,1.57741,2.9528,1,0.25
-13.9072,1.62433,2.9528,1,0.25
-14.1527,1.67125,2.9528,1,0.25
-14.359,1.71066,1.29801,2,0
-14.2916,1.95141,1.29801,1,0.25
-14.2324,2.16295,-0.188797,2,0
-13.9869,2.11603,-0.188797,1,0.223607
-13.7413,2.06911,-0.188797,1,0.316228
-13.4958,2.02219,-0.188797,1,0.387298
-13.2502,1.97527,-0.188797,1,0.447214
-13.0047,1.92835,-0.188797,1,0.5
-12.7591,1.88143,-0.188797,1,0.547723
-12.5135,1.83451,-0.188797,1,0.591608
-12.268,1.78759,-0.188797,1,0.632456
-12.0224,1.74067,-0.188797,1,0.67082
-11.7769,1.69376,-0.188797,1,0.707107
-11.5313,1.64684,-0.188797,1,0.74162
-11.2858,1.59992,-0.188797,1,0.774597
-11.0402,1.553,-0.188797,1,0.806226
-10.7946,1.50608,-0.188797,1,0.83666
-10.5491,1.45916,-0.188797,1,0.866025
-10.3035,1.41224,-0.188797,1,0.894427
-10.058,1.36532,-0.188797,1,0.921954
-9.81241,1.3184,-0.188797,1,0.948683
-9.56685,1.27148,-0.188797,1,0.974679
-9.32129,1.22456,-0.188797,1,1
-9.07574,1.17764,-0.188797,1,1
-8.83018,1.13072,-0.188797,1,1
-8.58462,1.0838,-0.188797,1,1
-8.33906,1.03689,-0.188797,1,1
-8.09351,0.989966,-0.188797,1,1
-7.84795,0.943047,-0.188797,1,1
-7.60239,0.896128,-0.188797,1,1
-7.35683,0.849208,-0.188797,1,1
-7.11128,0.802289,-0.188797,1,1
-6.86572,0.75537,-0.188797,1,1
-6.62016,0.708451,-0.188797,1,1
-6.3746,0.661531,-0.188797,1,0.974679
-6.12905,0.614612,-0.188797,1,0.948683
-5.88349,0.567693,-0.188797,1,0.921954
-5.63793,0.520774,-0.188797,1,0.894427
-5.39237,0.473854,-0.188797,1,0.866025
-5.14682,0.426935,-0.188797,1,0.83666
-4.90126,0.380016,-0.188797,1,0.806226
-4.6557,0.333096,-0.188797,1,0.774597
-4.41014,0.286177,-0.188797,1,0.74162
-4.16459,0.239258,-0.188797,1,0.707107
-3.91903,0.192339,-0.188797,1,0.67082
-3.67347,0.145419,-0.188797,1,0.632456
-3.42791,0.0985001,-0.188797,1,0.591608
-3.18236,0.0515809,-0.188797,1,0.547723
-2.9368,0.0046616,-0.188797,1,0.25
-2.69124,-0.0422577,-0.188797,1,0.25
-2.44568,-0.0891769,-0.188797,1,0.25
-2.20013,-0.136096,-0.188797,1,0.25
-1.95457,-0.183015,-0.188797,1,0.25
-1.85937,-0.201206,-1.45114,2,0
-1.82952,-0.449418,-1.45114,1,0.223607
-1.79968,-0.697631,-1.45114,1,0.316228
-1.76984,-0.945843,-1.45114,1,0.387298
-1.73999,-1.19405,-1.45114,1,0.447214
-1.71015,-1.44227,-1.45114,1,0.5
-1.68031,-1.69048,-1.45114,1,0.547723
-1.65046,-1.93869,-1.45114,1,0.591608
-1.62062,-2.1869,-1.45114,1,0.632456
-1.59077,-2.43512,-1.45114,1,0.67082
-1.56093,-2.68333,-1.45114,1,0.707107
-1.53109,-2.93154,-1.45114,1,0.74162
-1.50124,-3.17975,-1.45114,1,0.774597
-1.4714,-3.42797,-1.45114,1,0.806226
-1.44156,-3.67618,-1.45114,1,0.83666
-1.41171,-3.92439,-1.45114,1,0.866025
-1.38187,-4.1726,-1.45114,1,0.894427
-1.35203,-4.42081,-1.45114,1,0.921954
-1.32218,-4.66903,-1.45114,1,0.948683
-1.29234,-4.91724,-1.45114,1,0.974679
-1.26249,-5.16545,-1.45114,1,1
-1.23265,-5.41366,-1.45114,1,1
-1.20281,-5.66188,-1.45114,1,1
-1.17296,-5.91009,-1.45114,1,1
-1.14312,-6.1583,-1.45114,1,1
-1.11328,-6.40651,-1.45114,1,1
-1.08343,-6.65472,-1.45114,1,1
-1.05359,-6.90294,-1.45114,1,1
-1.02375,-7.15115,-1.45114,1,1
-0.993902,-7.39936,-1.45114,1,1
-0.964058,-7.64757,-1.45114,1,1
-0.934215,-7.89579,-1.45114,1,1
-0.904371,-8.144,-1.45114,1,1
-0.874528,-8.39221,-1.45114,1,1
-0.844684,-8.64042,-1.45114,1,1
-0.81484,-8.88863,-1.45114,1,1
-0.784997,-9.13685,-1.45114,1,1
-0.755153,-9.38506,-1.45114,1,1
-0.725309,-9.63327,-1.45114,1,1
-0.695466,-9.88148,-1.45114,1,1
-0.665622,-10.1297,-1.45114,1,1
-0.635779,-10.3779,-1.45114,1,1
-0.605935,-10.6261,-1.45114,1,1
-0.576091,-10.8743,-1.45114,1,1
-0.546248,-11.1225,-1.45114,1,1
-0.516404,-11.3708,-1.45114,1,1
-0.48656,-11.619,-1.45114,1,1
-0.456717,-11.8672,-1.45114,1,1
-0.426873,-12.1154,-1.45114,1,1
-0.397029,-12.3636,-1.45114,1,1
-0.367186,-12.6118,-1.45114,1,1
-0.337342,-12.86,-1.45114,1,1
-0.307499,-13.1082,-1.45114,1,1
-0.277655,-13.3565,-1.45114,1,1
-0.247811,-13.6047,-1.45114,1,1
-0.217968,-13.8529,-1.45114,1,1
-0.188124,-14.1011,-1.45114,1,1
-0.15828,-14.3493,-1.45114,1,1
-0.128437,-14.5975,-1.45114,1,1
-0.0985932,-14.8457,-1.45114,1,1
-0.0687496,-15.0939,-1.45114,1,1
-0.0389059,-15.3422,-1.45114,1,1
-0.00906232,-15.5904,-1.45114,1,1
0.0207813,-15.8386,-1.45114,1,1
0.0506249,-16.0868,-1.45114,1,1
0.0804686,-16.335,-1.45114,1,1
0.110312,-16.5832,-1.45114,1,1
0.140156,-16.8314,-1.45114,1,1
0.169999,-17.0796,-1.45114,1,1
0.199843,-17.3279,-1.45114,1,1
0.229687,-17.5761,-1.45114,1,1
0.25953,-17.8243,-1.45114,1,1
0.289374,-18.0725,-1.45114,1,1
0.319218,-18.3207,-1.45114,1,1
0.349061,-18.5689,-1.45114,1,1
0.378905,-18.8171,-1.45114,1,1
0.408748,-19.0653,-1.45114,1,1
0.438592,-19.3135,-1.45114,1,1
0.468436,-19.5618,-1.45114,1,1
0.498279,-19.81,-1.45114,1,1
0.528123,-20.0582,-1.45114,1,1
0.557967,-20.3064,-1.45114,1,1
0.58781,-20.5546,-1.45114,1,1
0.617654,-20.8028,-1.45114,1,1
0.647498,-21.051,-1.45114,1,1
0.677341,-21.2992,-1.45114,1,1
0.707185,-21.5475,-1.45114,1,1
0.737028,-21.7957,-1.45114,1,1
0.766872,-22.0439,-1.45114,1,1
0.796716,-22.2921,-1.45114,1,1
0.826559,-22.5403,-1.45114,1,1
0.856403,-22.7885,-1.45114,1,1
0.886247,-23.0367,-1.45114,1,1
0.91609,-23.2849,-1.45114,1,1
0.945934,-23.5332,-1.45114,1,1
0.975777,-23.7814,-1.45114,1,1
1.00562,-24.0296,-1.45114,1,1
1.03546,-24.2778,-1.45114,1,1
1.06531,-24.526,-1.45114,1,0.974679
1.09515,-24.7742,-1.45114,1,0.948683
1.125,-25.0224,-1.45114,1,0.921954
1.15484,-25.2706,-1.45114,1,0.894427
1.18468,-25.5189,-1.45114,1,0.866025
1.21453,-25.7671,-1.45114,1,0.83666
1.24437,-26.0153,-1.45114,1,0.806226
1.27421,-26.2635,-1.45114,1,0.774597
1.30406,-26.5117,-1.45114,1,0.74162
1.3339,-26.7599,-1.45114,1,0.707107
1.36374,-27.0081,-1.45114,1,0.67082
1.39359,-27.2563,-1.45114,1,0.632456
1.42343,-27.5046,-1.45114,1,0.591608
1.45328,-27.7528,-1.45114,1,0.547723
1.48312,-28.001,-1.45114,1,0.25
1.51296,-28.2492,-1.45114,1,0.25
1.54281,-28.4974,-1.45114,1,0.25
1.57265,-28.7456,-1.45114,1,0.25
1.60249,-28.9938,-1.45114,1,0.25
1.6126,-29.0779,-3.02849,2,0
1.36421,-29.1061,-3.02849,1,0.25
1.28951,-29.1146,2.97016,2,0
1.04318,-29.072,2.97016,1,0.223607
0.796843,-29.0293,2.97016,1,0.25
0.550509,-28.9867,2.97016,1,0.25
0.304175,-28.944,2.97016,1,0.25
0.0578414,-28.9014,2.97016,1,0.25
-0.188492,-28.8587,2.97016,1,0.25
-0.353256,-28.8302,0.113099,2,0
-0.104855,-28.802,0.113099,1,0.223607
0.143547,-28.7738,0.113099,1,0.316228
0.391949,-28.7455,0.113099,1,0.387298
0.64035,-28.7173,0.113099,1,0.25
0.888752,-28.6891,0.113099,1,0.25
1.13715,-28.6609,0.113099,1,0.25
1.38555,-28.6327,0.113099,1,0.25
1.63396,-28.6045,0.113099,1,0.25
1.69063,-28.598,1.4096,2,0
1.73076,-28.3513,1.4096,1,0.25
1.76866,-28.1182,-3.02849,2,0
1.52026,-28.1464,-3.02849,1,0.223607
1.27186,-28.1746,-3.02849,1,0.316228
1.02345,-28.2028,-3.02849,1,0.387298
0.775053,-28.231,-3.02849,1,0.447214
0.526651,-28.2592,-3.02849,1,0.5
0.278248,-28.2874,-3.02849,1,0.547723
0.0298463,-28.3157,-3.02849,1,0.591608
-0.218556,-28.3439,-3.02849,1,0.632456
-0.466958,-28.3721,-3.02849,1,0.591608
-0.71536,-28.4003,-3.02849,1,0.547723
-0.963762,-28.4285,-3.02849,1,0.25
-1.21216,-28.4567,-3.02849,1,0.25
-1.46057,-28.4849,-3.02849,1,0.25
-1.70897,-28.5132,-3.02849,1,0.25
-1.95737,-28.5414,-3.02849,1,0.25
-1.99602,-28.5458,2.97016,2,0
-2.24236,-28.5031,2.97016,1,0.223607
-2.48869,-28.4605,2.97016,1,0.25
-2.73502,-28.4178,2.97016,1,0.25
-2.98136,-28.3752,2.97016,1,0.25
-3.22769,-28.3325,2.97016,1,0.25
-3.47403,-28.2899,2.97016,1,0.25
-3.63879,-28.2613,0.113099,2,0
-3.39039,-28.2331,0.113099,1,0.223607
-3.14198,-28.2049,0.113099,1,0.316228
-2.89358,-28.1767,0.113099,1,0.387298
-2.64518,-28.1485,0.113099,1,0.447214
-2.39678,-28.1203,0.113099,1,0.5
-2.14838,-28.0921,0.113099,1,0.547723
-1.89997,-28.0638,0.113099,1,0.591608
-1.65157,-28.0356,0.113099,1,0.632456
-1.40317,-28.0074,0.113099,1,0.67082
-1.15477,-27.9792,0.113099,1,0.707107
-0.906363,-27.951,0.113099,1,0.74162
-0.657961,-27.9228,0.113099,1,0.74162
-0.409559,-27.8946,0.113099,1,0.707107
-0.161156,-27.8663,0.113099,1,0.67082
0.0872459,-27.8381,0.113099,1,0.632456
0.335648,-27.8099,0.113099,1,0.591608
0.584051,-27.7817,0.113099,1,0.547723
0.832453,-27.7535,0.113099,1,0.25
1.08086,-27.7253,0.113099,1,0.25
1.32926,-27.6971,0.113099,1,0.25
1.57766,-27.6688,0.113099,1,0.25
1.82606,-27.6406,0.113099,1,0.25
1.84669,-27.6383,1.4096,2,0
1.88681,-27.3915,1.4096,1,0.25
1.92472,-27.1584,-3.02849,2,0
1.67632,-27.1866,-3.02849,1,0.223607
1.42792,-27.2148,-3.02849,1,0.316228
1.17951,-27.2431,-3.02849,1,0.387298
0.93111,-27.2713,-3.02849,1,0.447214
0.682708,-27.2995,-3.02849,1,0.5
0.434305,-27.3277,-3.02849,1,0.547723
0.185903,-27.3559,-3.02849,1,0.591608
-0.0624995,-27.3841,-3.02849,1,0.632456
-0.310902,-27.4123,-3.02849,1,0.67082
-0.559304,-27.4406,-3.02849,1,0.707107
-0.807707,-27.4688,-3.02849,1,0.74162
-1.05611,-27.497,-3.02849,1,0.774597
-1.30451,-27.5252,-3.02849,1,0.806226
-1.55291,-27.5534,-3.02849,1,0.83666
-1.80132,-27.5816,-3.02849,1,0.866025
-2.04972,-27.6098,-3.02849,1,0.83666
-2.29812,-27.6381,-3.02849,1,0.806226
-2.54652,-27.6663,-3.02849,1,0.774597
-2.79493,-27.6945,-3.02849,1,0.74162
-3.04333,-27.7227,-3.02849,1,0.707107
-3.29173,-27.7509,-3.02849,1,0.67082
-3.54013,-27.7791,-3.02849,1,0.632456
-3.78854,-27.8073,-3.02849,1,0.591608
-4.03694,-27.8356,-3.02849,1,0.547723
-4.28534,-27.8638,-3.02849,1,0.25
-4.53374,-27.892,-3.02849,1,0.25
-4.78215,-27.9202,-3.02849,1,0.25
-5.03055,-27.9484,-3.02849,1,0.25
-5.27895,-27.9766,-3.02849,1,0.25
-5.28156,-27.9769,2.97016,2,0
-5.52789,-27.9343,2.97016,1,0.223607
-5.77422,-27.8916,2.97016,1,0.25
-6.02056,-27.849,2.97016,1,0.25
-6.26689,-27.8063,2.97016,1,0.25
-6.51322,-27.7637,2.97016,1,0.25
-6.75956,-27.721,2.97016,1,0.25
-6.92432,-27.6925,0.113099,2,0
-6.67592,-27.6643,0.113099,1,0.223607
-6.42752,-27.6361,0.113099,1,0.316228
-6.17911,-27.6079,0.113099,1,0.387298
-5.93071,-27.5796,0.113099,1,0.447214
-5.68231,-27.5514,0.113099,1,0.5
-5.43391,-27.5232,0.113099,1,0.547723
-5.1855,-27.495,0.113099,1,0.591608
-4.9371,-27.4668,0.113099,1,0.632456
-4.6887,-27.4386,0.113099,1,0.67082
-4.4403,-27.4104,0.113099,1,0.707107
-4.19189,-27.3821,0.113099,1,0.74162
-3.94349,-27.3539,0.113099,1,0.774597
-3.69509,-27.3257,0.113099,1,0.806226
-3.44669,-27.2975,0.113099,1,0.83666
-3.19828,-27.2693,0.113099,1,0.866025
-2.94988,-27.2411,0.113099,1,0.894427
-2.70148,-27.2129,0.113099,1,0.921954
-2.45308,-27.1846,0.113099,1,0.948683
-2.20467,-27.1564,0.113099,1,0.921954
-1.95627,-27.1282,0.113099,1,0.894427
-1.70787,-27.1,0.113099,1,0.866025
-1.45947,-27.0718,0.113099,1,0.83666
-1.21106,-27.0436,0.113099,1,0.806226
-0.962662,-27.0154,0.113099,1,0.774597
-0.714259,-26.9871,0.113099,1,0.74162
-0.465857,-26.9589,0.113099,1,0.707107
-0.217454,-26.9307,0.113099,1,0.67082
0.0309482,-26.9025,0.113099,1,0.632456
0.279351,-26.8743,0.113099,1,0.591608
0.527753,-26.8461,0.113099,1,0.547723
0.776156,-26.8179,0.113099,1,0.25
1.02456,-26.7896,0.113099,1,0.25
1.27296,-26.7614,0.113099,1,0.25
1.52136,-26.7332,0.113099,1,0.25
1.76977,-26.705,0.113099,1,0.25
2.00275,-26.6785,1.4096,2,0
2.04287,-26.4318,1.4096,1,0.25
2.08078,-26.1987,-3.02849,2,0
1.83238,-26.2269,-3.02849,1,0.223607
1.58397,-26.2551,-3.02849,1,0.316228
1.33557,-26.2833,-3.02849,1,0.387298
1.08717,-26.3115,-3.02849,1,0.447214
0.838766,-26.3397,-3.02849,1,0.5
0.590364,-26.368,-3.02849,1,0.547723
0.341961,-26.3962,-3.02849,1,0.591608
0.0935584,-26.4244,-3.02849,1,0.632456
-0.154844,-26.4526,-3.02849,1,0.67082
-0.403247,-26.4808,-3.02849,1,0.707107
-0.651649,-26.509,-3.02849,1,0.74162
-0.900052,-26.5372,-3.02849,1,0.774597
-1.14845,-26.5655,-3.02849,1,0.806226
-1.39686,-26.5937,-3.02849,1,0.83666
-1.64526,-26.6219,-3.02849,1,0.866025
-1.89366,-26.6501,-3.02849,1,0.894427
-2.14206,-26.6783,-3.02849,1,0.921954
-2.39047,-26.7065,-3.02849,1,0.948683
-2.63887,-26.7347,-3.02849,1,0.974679
-2.88727,-26.763,-3.02849,1,1
-3.13567,-26.7912,-3.02849,1,1
-3.38408,-26.8194,-3.02849,1,1
-3.63248,-26.8476,-3.02849,1,1
-3.88088,-26.8758,-3.02849,1,0.974679
-4.12929,-26.904,-3.02849,1,0.948683
-4.37769,-26.9322,-3.02849,1,0.921954
-4.62609,-26.9605,-3.02849,1,0.894427
-4.87449,-26.9887,-3.02849,1,0.866025
-5.1229,-27.0169,-3.02849,1,0.83666
-5.3713,-27.0451,-3.02849,1,0.806226
-5.6197,-27.0733,-3.02849,1,0.774597
-5.8681,-27.1015,-3.02849,1,0.74162
-6.11651,-27.1297,-3.02849,1,0.707107
-6.36491,-27.158,-3.02849,1,0.67082
-6.61331,-27.1862,-3.02849,1,0.632456
-6.86171,-27.2144,-3.02849,1,0.591608
-7.11012,-27.2426,-3.02849,1,0.547723
-7.35852,-27.2708,-3.02849,1,0.25
-7.60692,-27.299,-3.02849,1,0.25
-7.85532,-27.3272,-3.02849,1,0.25
-8.10373,-27.3555,-3.02849,1,0.25
-8.35213,-27.3837,-3.02849,1,0.25
-8.56709,-27.4081,2.97016,2,0
-8.81342,-27.3654,2.97016,1,0.223607
-9.05976,-27.3228,2.97016,1,0.25
-9.30609,-27.2801,2.97016,1,0.25
-9.55242,-27.2375,2.97016,1,0.25
-9.79876,-27.1948,2.97016,1,0.25
-10.0451,-27.1522,2.97016,1,0.25
-10.2099,-27.1237,0.113099,2,0
-9.96145,-27.0955,0.113099,1,0.223607
-9.71305,-27.0672,0.113099,1,0.316228
-9.46465,-27.039,0.113099,1,0.387298
-9.21624,-27.0108,0.113099,1,0.447214
-8.96784,-26.9826,0.113099,1,0.5
-8.71944,-26.9544,0.113099,1,0.547723
-8.47104,-26.9262,0.113099,1,0.591608
-8.22263,-26.898,0.113099,1,0.632456
-7.97423,-26.8697,0.113099,1,0.67082
-7.72583,-26.8415,0.113099,1,0.707107
-7.47743,-26.8133,0.113099,1,0.74162
-7.22902,-26.7851,0.113099,1,0.774597
-6.98062,-26.7569,0.113099,1,0.806226
-6.73222,-26.7287,0.113099,1,0.83666
-6.48382,-26.7005,0.113099,1,0.866025
-6.23541,-26.6722,0.113099,1,0.894427
-5.98701,-26.644,0.113099,1,0.921954
-5.73861,-26.6158,0.113099,1,0.948683
-5.49021,-26.5876,0.113099,1,0.974679
-5.2418,-26.5594,0.113099,1,1
-4.9934,-26.5312,0.113099,1,1
-4.745,-26.503,0.113099,1,1
-4.4966,-26.4747,0.113099,1,1
-4.24819,-26.4465,0.113099,1,1
-3.99979,-26.4183,0.113099,1,1
-3.75139,-26.3901,0.113099,1,1
-3.50299,-26.3619,0.113099,1,1
-3.25458,-26.3337,0.113099,1,1
-3.00618,-26.3055,0.113099,1,1
-2.75778,-26.2772,0.113099,1,1
-2.50937,-26.249,0.113099,1,0.974679
-2.26097,-26.2208,0.113099,1,0.948683
-2.01257,-26.1926,0.113099,1,0.921954
-1.76417,-26.1644,0.113099,1,0.894427
-1.51576,-26.1362,0.113099,1,0.866025
-1.26736,-26.108,0.113099,1,0.83666
-1.01896,-26.0797,0.113099,1,0.806226
-0.770557,-26.0515,0.113099,1,0.774597
-0.522154,-26.0233,0.113099,1,0.74162
-0.273752,-25.9951,0.113099,1,0.707107
-0.025349,-25.9669,0.113099,1,0.67082
0.223054,-25.9387,0.113099,1,0.632456
0.471456,-25.9105,0.113099,1,0.591608
0.719859,-25.8822,0.113099,1,0.547723
0.968261,-25.854,0.113099,1,0.25
1.21666,-25.8258,0.113099,1,0.25
1.46507,-25.7976,0.113099,1,0.25
1.71347,-25.7694,0.113099,1,0.25
1.96187,-25.7412,0.113099,1,0.25
2.15881,-25.7188,1.4096,2,0
2.19893,-25.472,1.4096,1,0.25
2.23684,-25.2389,-3.02849,2,0
1.98844,-25.2671,-3.02849,1,0.223607
1.74003,-25.2954,-3.02849,1,0.316228
1.49163,-25.3236,-3.02849,1,0.387298
1.24323,-25.3518,-3.02849,1,0.447214
0.994825,-25.38,-3.02849,1,0.5
0.746422,-25.4082,-3.02849,1,0.547723
0.498019,-25.4364,-3.02849,1,0.591608
0.249617,-25.4646,-3.02849,1,0.632456
0.00121424,-25.4929,-3.02849,1,0.67082
-0.247188,-25.5211,-3.02849,1,0.707107
-0.495591,-25.5493,-3.02849,1,0.74162
-0.743994,-25.5775,-3.02849,1,0.774597
-0.992396,-25.6057,-3.02849,1,0.806226
-1.2408,-25.6339,-3.02849,1,0.83666
-1.4892,-25.6621,-3.02849,1,0.866025
-1.7376,-25.6904,-3.02849,1,0.894427
-1.98601,-25.7186,-3.02849,1,0.921954
-2.23441,-25.7468,-3.02849,1,0.948683
-2.48281,-25.775,-3.02849,1,0.974679
-2.73121,-25.8032,-3.02849,1,1
-2.97962,-25.8314,-3.02849,1,1
-3.22802,-25.8596,-3.02849,1,1
-3.47642,-25.8879,-3.02849,1,1
-3.72482,-25.9161,-3.02849,1,1
-3.97323,-25.9443,-3.02849,1,1
-4.22163,-25.9725,-3.02849,1,1
-4.47003,-26.0007,-3.02849,1,1
-4.71844,-26.0289,-3.02849,1,1
-4.96684,-26.0571,-3.02849,1,1
-5.21524,-26.0854,-3.02849,1,1
-5.46364,-26.1136,-3.02849,1,1
-5.71205,-26.1418,-3.02849,1,1
-5.96045,-26.17,-3.02849,1,1
-6.20885,-26.1982,-3.02849,1,1
-6.45725,-26.2264,-3.02849,1,1
-6.70566,-26.2546,-3.02849,1,0.974679
-6.95406,-26.2829,-3.02849,1,0.948683
-7.20246,-26.3111,-3.02849,1,0.921954
-7.45086,-26.3393,-3.02849,1,0.894427
-7.69927,-26.3675,-3.02849,1,0.866025
-7.94767,-26.3957,-3.02849,1,0.83666
-8.19607,-26.4239,-3.02849,1,0.806226
-8.44447,-26.4521,-3.02849,1,0.774597
-8.69288,-26.4804,-3.02849,1,0.74162
-8.94128,-26.5086,-3.02849,1,0.707107
-9.18968,-26.5368,-3.02849,1,0.67082
-9.43808,-26.565,-3.02849,1,0.632456
-9.68649,-26.5932,-3.02849,1,0.591608
-9.93489,-26.6214,-3.02849,1,0.547723
-10.1833,-26.6496,-3.02849,1,0.25
-10.4317,-26.6779,-3.02849,1,0.25
-10.6801,-26.7061,-3.02849,1,0.25
-10.9285,-26.7343,-3.02849,1,0.25
-11.1769,-26.7625,-3.02849,1,0.25
-11.3934,-26.7871,1.1971,2,0
-11.3021,-26.5543,1.1971,1,0.25
-11.2109,-26.3216,1.1971,1,0.25
-11.2001,-26.2941,0.113099,2,0
-10.9517,-26.2659,0.113099,1,0.223607
-10.7033,-26.2377,0.113099,1,0.316228
-10.4549,-26.2095,0.113099,1,0.387298
-10.2065,-26.1813,0.113099,1,0.447214
-9.95809,-26.1531,0.113099,1,0.5
-9.70969,-26.1248,0.113099,1,0.547723
-9.46128,-26.0966,0.113099,1,0.591608
-9.21288,-26.0684,0.113099,1,0.632456
-8.96448,-26.0402,0.113099,1,0.67082
-8.71608,-26.012,0.113099,1,0.707107
-8.46767,-25.9838,0.113099,1,0.74162
-8.21927,-25.9556,0.113099,1,0.774597
-7.97087,-25.9273,0.113099,1,0.806226
-7.72247,-25.8991,0.113099,1,0.83666
-7.47406,-25.8709,0.113099,1,0.866025
-7.22566,-25.8427,0.113099,1,0.894427
-6.97726,-25.8145,0.113099,1,0.921954
-6.72886,-25.7863,0.113099,1,0.948683
-6.48045,-25.7581,0.113099,1,0.974679
-6.23205,-25.7298,0.113099,1,1
-5.98365,-25.7016,0.113099,1,1
-5.73525,-25.6734,0.113099,1,1
-5.48684,-25.6452,0.113099,1,1
-5.23844,-25.617,0.113099,1,1
-4.99004,-25.5888,0.113099,1,1
-4.74164,-25.5606,0.113099,1,1
-4.49323,-25.5323,0.113099,1,1
-4.24483,-25.5041,0.113099,1,1
-3.99643,-25.4759,0.113099,1,1
-3.74803,-25.4477,0.113099,1,1
-3.49962,-25.4195,0.113099,1,1
-3.25122,-25.3913,0.113099,1,1
-3.00282,-25.3631,0.113099,1,1
-2.75441,-25.3348,0.113099,1,1
-2.50601,-25.3066,0.113099,1,1
-2.25761,-25.2784,0.113099,1,0.974679
-2.00921,-25.2502,0.113099,1,0.948683
-1.7608,-25.222,0.113099,1,0.921954
-1.5124,-25.1938,0.113099,1,0.894427
-1.264,-25.1656,0.113099,1,0.866025
-1.0156,-25.1373,0.113099,1,0.83666
-0.767194,-25.1091,0.113099,1,0.806226
-0.518791,-25.0809,0.113099,1,0.774597
-0.270389,-25.0527,0.113099,1,0.74162
-0.0219859,-25.0245,0.113099,1,0.707107
0.226417,-24.9963,0.113099,1,0.67082
0.474819,-24.9681,0.113099,1,0.632456
0.723222,-24.9398,0.113099,1,0.591608
0.971624,-24.9116,0.113099,1,0.547723
1.22003,-24.8834,0.113099,1,0.25
1.46843,-24.8552,0.113099,1,0.25
1.71683,-24.827,0.113099,1,0.25
1.96523,-24.7988,0.113099,1,0.25
2.21364,-24.7705,0.113099,1,0.25
2.31487,-24.7591,1.4096,2,0
2.35499,-24.5123,1.4096,1,0.25
2.3929,-24.2792,-3.02849,2,0
2.14449,-24.3074,-3.02849,1,0.223607
1.89609,-24.3356,-3.02849,1,0.316228
1.64769,-24.3638,-3.02849,1,0.387298
1.39929,-24.392,-3.02849,1,0.447214
1.15088,-24.4203,-3.02849,1,0.5
0.902481,-24.4485,-3.02849,1,0.547723
0.654078,-24.4767,-3.02849,1,0.591608
0.405676,-24.5049,-3.02849,1,0.632456
0.157273,-24.5331,-3.02849,1,0.67082
-0.0911295,-24.5613,-3.02849,1,0.707107
-0.339532,-24.5895,-3.02849,1,0.74162
-0.587935,-24.6178,-3.02849,1,0.774597
-0.836337,-24.646,-3.02849,1,0.806226
-1.08474,-24.6742,-3.02849,1,0.83666
-1.33314,-24.7024,-3.02849,1,0.866025
-1.58155,-24.7306,-3.02849,1,0.894427
-1.82995,-24.7588,-3.02849,1,0.921954
-2.07835,-24.787,-3.02849,1,0.948683
-2.32675,-24.8153,-3.02849,1,0.974679
-2.57516,-24.8435,-3.02849,1,1
-2.82356,-24.8717,-3.02849,1,1
-3.07196,-24.8999,-3.02849,1,1
-3.32036,-24.9281,-3.02849,1,1
-3.56877,-24.9563,-3.02849,1,1
-3.81717,-24.9845,-3.02849,1,1
-4.06557,-25.0128,-3.02849,1,1
-4.31397,-25.041,-3.02849,1,1
-4.56238,-25.0692,-3.02849,1,1
-4.81078,-25.0974,-3.02849,1,1
-5.05918,-25.1256,-3.02849,1,1
-5.30758,-25.1538,-3.02849,1,1
-5.55599,-25.182,-3.02849,1,1
-5.80439,-25.2103,-3.02849,1,1
-6.05279,-25.2385,-3.02849,1,1
-6.30119,-25.2667,-3.02849,1,0.974679
-6.5496,-25.2949,-3.02849,1,0.948683
-6.798,-25.3231,-3.02849,1,0.921954
-7.0464,-25.3513,-3.02849,1,0.894427
-7.29481,-25.3795,-3.02849,1,0.866025
-7.54321,-25.4078,-3.02849,1,0.83666
-7.79161,-25.436,-3.02849,1,0.806226
-8.04001,-25.4642,-3.02849,1,0.774597
-8.28842,-25.4924,-3.02849,1,0.74162
-8.53682,-25.5206,-3.02849,1,0.707107
-8.78522,-25.5488,-3.02849,1,0.67082
-9.03362,-25.577,-3.02849,1,0.632456
-9.28203,-25.6053,-3.02849,1,0.591608
-9.53043,-25.6335,-3.02849,1,0.547723
-9.77883,-25.6617,-3.02849,1,0.25
-10.0272,-25.6899,-3.02849,1,0.25
-10.2756,-25.7181,-3.02849,1,0.25
-10.524,-25.7463,-3.02849,1,0.25
-10.7724,-25.7745,-3.02849,1,0.25
-11.0068,-25.8012,1.1971,2,0
-10.9155,-25.5684,1.1971,1,0.25
-10.8243,-25.3357,1.1971,1,0.25
-10.8135,-25.3082,0.113099,2,0
-10.5651,-25.28,0.113099,1,0.223607
-10.3167,-25.2518,0.113099,1,0.316228
-10.0683,-25.2236,0.113099,1,0.387298
-9.81989,-25.1953,0.113099,1,0.447214
-9.57149,-25.1671,0.113099,1,0.5
-9.32309,-25.1389,0.113099,1,0.547723
-9.07468,-25.1107,0.113099,1,0.591608
-8.82628,-25.0825,0.113099,1,0.632456
-8.57788,-25.0543,0.113099,1,0.67082
-8.32948,-25.0261,0.113099,1,0.707107
-8.08107,-24.9978,0.113099,1,0.74162
-7.83267,-24.9696,0.113099,1,0.774597
-7.58427,-24.9414,0.113099,1,0.806226
-7.33587,-24.9132,0.113099,1,0.83666
-7.08746,-24.885,0.113099,1,0.866025
-6.83906,-24.8568,0.113099,1,0.894427
-6.59066,-24.8286,0.113099,1,0.921954
-6.34226,-24.8003,0.113099,1,0.948683
-6.09385,-24.7721,0.113099,1,0.974679
-5.84545,-24.7439,0.113099,1,1
-5.59705,-24.7157,0.113099,1,1
-5.34864,-24.6875,0.113099,1,1
-5.10024,-24.6593,0.113099,1,1
-4.85184,-24.6311,0.113099,1,1
-4.60344,-24.6028,0.113099,1,1
-4.35503,-24.5746,0.113099,1,1
-4.10663,-24.5464,0.113099,1,1
-3.85823,-24.5182,0.113099,1,1
-3.60983,-24.49,0.113099,1,1
-3.36142,-24.4618,0.113099,1,1
-3.11302,-24.4336,0.113099,1,1
-2.86462,-24.4053,0.113099,1,1
-2.61622,-24.3771,0.113099,1,1
-2.36781,-24.3489,0.113099,1,1
-2.11941,-24.3207,0.113099,1,0.974679
-1.87101,-24.2925,0.113099,1,0.948683
-1.62261,-24.2643,0.113099,1,0.921954
-1.3742,-24.2361,0.113099,1,0.894427
-1.1258,-24.2078,0.113099,1,0.866025
-0.877398,-24.1796,0.113099,1,0.83666
-0.628995,-24.1514,0.113099,1,0.806226
-0.380592,-24.1232,0.113099,1,0.774597
-0.13219,-24.095,0.113099,1,0.74162
0.116213,-24.0668,0.113099,1,0.707107
0.364615,-24.0385,0.113099,1,0.67082
0.613018,-24.0103,0.113099,1,0.632456
0.861421,-23.9821,0.113099,1,0.591608
1.10982,-23.9539,0.113099,1,0.547723
1.35823,-23.9257,0.113099,1,0.25
1.60663,-23.8975,0.113099,1,0.25
1.85503,-23.8693,0.113099,1,0.25
2.10343,-23.841,0.113099,1,0.25
2.35184,-23.8128,0.113099,1,0.25
2.47093,-23.7993,1.5378,2,0
2.47917,-23.5494,1.5378,1,0.25
2.48653,-23.3265,-3.02849,2,0
2.23813,-23.3547,-3.02849,1,0.223607
1.98972,-23.383,-3.02849,1,0.316228
1.74132,-23.4112,-3.02849,1,0.387298
1.49292,-23.4394,-3.02849,1,0.447214
1.24452,-23.4676,-3.02849,1,0.5
0.996114,-23.4958,-3.02849,1,0.547723
0.747711,-23.524,-3.02849,1,0.591608
0.499309,-23.5522,-3.02849,1,0.632456
0.250906,-23.5805,-3.02849,1,0.67082
0.00250363,-23.6087,-3.02849,1,0.707107
-0.245899,-23.6369,-3.02849,1,0.74162
-0.494302,-23.6651,-3.02849,1,0.774597
-0.742704,-23.6933,-3.02849,1,0.806226
-0.991107,-23.7215,-3.02849,1,0.83666
-1.23951,-23.7497,-3.02849,1,0.866025
-1.48791,-23.778,-3.02849,1,0.894427
-1.73631,-23.8062,-3.02849,1,0.921954
-1.98472,-23.8344,-3.02849,1,0.948683
-2.23312,-23.8626,-3.02849,1,0.974679
-2.48152,-23.8908,-3.02849,1,1
-2.72992,-23.919,-3.02849,1,1
-2.97833,-23.9472,-3.02849,1,1
-3.22673,-23.9755,-3.02849,1,1
-3.47513,-24.0037,-3.02849,1,1
-3.72354,-24.0319,-3.02849,1,1
-3.97194,-24.0601,-3.02849,1,1
-4.22034,-24.0883,-3.02849,1,1
-4.46874,-24.1165,-3.02849,1,1
-4.71715,-24.1447,-3.02849,1,1
-4.96555,-24.173,-3.02849,1,1
-5.21395,-24.2012,-3.02849,1,1
-5.46235,-24.2294,-3.02849,1,1
-5.71076,-24.2576,-3.02849,1,1
-5.95916,-24.2858,-3.02849,1,0.974679
-6.20756,-24.314,-3.02849,1,0.948683
-6.45596,-24.3422,-3.02849,1,0.921954
-6.70437,-24.3705,-3.02849,1,0.894427
-6.95277,-24.3987,-3.02849,1,0.866025
-7.20117,-24.4269,-3.02849,1,0.83666
-7.44957,-24.4551,-3.02849,1,0.806226
-7.69798,-24.4833,-3.02849,1,0.774597
-7.94638,-24.5115,-3.02849,1,0.74162
-8.19478,-24.5397,-3.02849,1,0.707107
-8.44318,-24.568,-3.02849,1,0.67082
-8.69159,-24.5962,-3.02849,1,0.632456
-8.93999,-24.6244,-3.02849,1,0.591608
-9.18839,-24.6526,-3.02849,1,0.547723
-9.4368,-24.6808,-3.02849,1,0.25
-9.6852,-24.709,-3.02849,1,0.25
-9.9336,-24.7372,-3.02849,1,0.25
-10.182,-24.7655,-3.02849,1,0.25
-10.4304,-24.7937,-3.02849,1,0.25
-10.6202,-24.8152,1.1971,2,0
-10.5289,-24.5825,1.1971,1,0.25
-10.4377,-24.3497,1.1971,1,0.25
-10.4269,-24.3223,0.113099,2,0
-10.1785,-24.2941,0.113099,1,0.223607
-9.9301,-24.2658,0.113099,1,0.316228
-9.68169,-24.2376,0.113099,1,0.387298
-9.43329,-24.2094,0.113099,1,0.447214
-9.18489,-24.1812,0.113099,1,0.5
-8.93649,-24.153,0.113099,1,0.547723
-8.68808,-24.1248,0.113099,1,0.591608
-8.43968,-24.0966,0.113099,1,0.632456
-8.19128,-24.0683,0.113099,1,0.67082
-7.94287,-24.0401,0.113099,1,0.707107
-7.69447,-24.0119,0.113099,1,0.74162
-7.44607,-23.9837,0.113099,1,0.774597
-7.19767,-23.9555,0.113099,1,0.806226
-6.94926,-23.9273,0.113099,1,0.83666
-6.70086,-23.8991,0.113099,1,0.866025
-6.45246,-23.8708,0.113099,1,0.894427
-6.20406,-23.8426,0.113099,1,0.921954
-5.95565,-23.8144,0.113099,1,0.948683
-5.70725,-23.7862,0.113099,1,0.974679
-5.45885,-23.758,0.113099,1,1
-5.21045,-23.7298,0.113099,1,1
-4.96204,-23.7016,0.113099,1,1
-4.71364,-23.6733,0.113099,1,1
-4.46524,-23.6451,0.113099,1,1
-4.21684,-23.6169,0.113099,1,1
-3.96843,-23.5887,0.113099,1,1
-3.72003,-23.5605,0.113099,1,1
-3.47163,-23.5323,0.113099,1,1
-3.22323,-23.5041,0.113099,1,1
-2.97482,-23.4758,0.113099,1,1
-2.72642,-23.4476,0.113099,1,1
-2.47802,-23.4194,0.113099,1,1
-2.22961,-23.3912,0.113099,1,0.974679
-1.98121,-23.363,0.113099,1,0.948683
-1.73281,-23.3348,0.113099,1,0.921954
-1.48441,-23.3065,0.113099,1,0.894427
-1.236,-23.2783,0.113099,1,0.866025
-0.987602,-23.2501,0.113099,1,0.83666
-0.739199,-23.2219,0.113099,1,0.806226
-0.490796,-23.1937,0.113099,1,0.774597
-0.242394,-23.1655,0.113099,1,0.74162
0.00600874,-23.1373,0.113099,1,0.707107
0.254411,-23.109,0.113099,1,0.67082
0.502814,-23.0808,0.113099,1,0.632456
0.751217,-23.0526,0.113099,1,0.591608
0.999619,-23.0244,0.113099,1,0.547723
1.24802,-22.9962,0.113099,1,0.25
1.49642,-22.968,0.113099,1,0.25
1.74483,-22.9398,0.113099,1,0.25
1.99323,-22.9115,0.113099,1,0.25
2.24163,-22.8833,0.113099,1,0.25
2.38227,-22.8674,1.79408,2,0
2.32691,-22.6236,1.79408,1,0.25
2.27801,-22.4082,-3.02849,2,0
2.0296,-22.4364,-3.02849,1,0.223607
1.7812,-22.4646,-3.02849,1,0.316228
1.5328,-22.4928,-3.02849,1,0.387298
1.2844,-22.5211,-3.02849,1,0.447214
1.03599,-22.5493,-3.02849,1,0.5
0.787591,-22.5775,-3.02849,1,0.547723
0.539188,-22.6057,-3.02849,1,0.591608
0.290785,-22.6339,-3.02849,1,0.632456
0.0423828,-22.6621,-3.02849,1,0.67082
-0.20602,-22.6903,-3.02849,1,0.707107
-0.454422,-22.7186,-3.02849,1,0.74162
-0.702825,-22.7468,-3.02849,1,0.774597
-0.951228,-22.775,-3.02849,1,0.806226
-1.19963,-22.8032,-3.02849,1,0.83666
-1.44803,-22.8314,-3.02849,1,0.866025
-1.69644,-22.8596,-3.02849,1,0.894427
-1.94484,-22.8878,-3.02849,1,0.921954
-2.19324,-22.9161,-3.02849,1,0.948683
-2.44164,-22.9443,-3.02849,1,0.974679
-2.69005,-22.9725,-3.02849,1,1
-2.93845,-23.0007,-3.02849,1,1
-3.18685,-23.0289,-3.02849,1,1
-3.43525,-23.0571,-3.02849,1,1
-3.68366,-23.0853,-3.02849,1,1
-3.93206,-23.1136,-3.02849,1,1
-4.18046,-23.1418,-3.02849,1,1
-4.42886,-23.17,-3.02849,1,1
-4.67727,-23.1982,-3.02849,1,1
-4.92567,-23.2264,-3.02849,1,1
-5.17407,-23.2546,-3.02849,1,1
-5.42247,-23.2828,-3.02849,1,1
-5.67088,-23.3111,-3.02849,1,0.974679
-5.91928,-23.3393,-3.02849,1,0.948683
-6.16768,-23.3675,-3.02849,1,0.921954
-6.41608,-23.3957,-3.02849,1,0.894427
-6.66449,-23.4239,-3.02849,1,0.866025
-6.91289,-23.4521,-3.02849,1,0.83666
-7.16129,-23.4803,-3.02849,1,0.806226
-7.4097,-23.5086,-3.02849,1,0.774597
-7.6581,-23.5368,-3.02849,1,0.74162
-7.9065,-23.565,-3.02849,1,0.707107
-8.1549,-23.5932,-3.02849,1,0.67082
-8.40331,-23.6214,-3.02849,1,0.632456
-8.65171,-23.6496,-3.02849,1,0.591608
-8.90011,-23.6778,-3.02849,1,0.547723
-9.14851,-23.7061,-3.02849,1,0.25
-9.39692,-23.7343,-3.02849,1,0.25
-9.64532,-23.7625,-3.02849,1,0.25
-9.89372,-23.7907,-3.02849,1,0.25
-10.1421,-23.8189,-3.02849,1,0.25
-10.2336,-23.8293,1.1971,2,0
-10.1423,-23.5966,1.1971,1,0.25
-10.0511,-23.3638,1.1971,1,0.25
-10.0403,-23.3363,0.113099,2,0
-9.7919,-23.3081,0.113099,1,0.223607
-9.54349,-23.2799,0.113099,1,0.316228
-9.29509,-23.2517,0.113099,1,0.387298
-9.04669,-23.2235,0.113099,1,0.447214
-8.79829,-23.1953,0.113099,1,0.5
-8.54988,-23.1671,0.113099,1,0.547723
-8.30148,-23.1388,0.113099,1,0.591608
-8.05308,-23.1106,0.113099,1,0.632456
-7.80468,-23.0824,0.113099,1,0.67082
-7.55627,-23.0542,0.113099,1,0.707107
-7.30787,-23.026,0.113099,1,0.74162
-7.05947,-22.9978,0.113099,1,0.774597
-6.81107,-22.9696,0.113099,1,0.806226
-6.56266,-22.9413,0.113099,1,0.83666
-6.31426,-22.9131,0.113099,1,0.866025
-6.06586,-22.8849,0.113099,1,0.894427
-5.81745,-22.8567,0.113099,1,0.921954
-5.56905,-22.8285,0.113099,1,0.948683
-5.32065,-22.8003,0.113099,1,0.974679
-5.07225,-22.7721,0.113099,1,1
-4.82384,-22.7438,0.113099,1,1
-4.57544,-22.7156,0.113099,1,1
-4.32704,-22.6874,0.113099,1,1
-4.07864,-22.6592,0.113099,1,1
-3.83023,-22.631,0.113099,1,1
-3.58183,-22.6028,0.113099,1,1
-3.33343,-22.5745,0.113099,1,1
-3.08503,-22.5463,0.113099,1,1
-2.83662,-22.5181,0.113099,1,1
-2.58822,-22.4899,0.113099,1,1
-2.33982,-22.4617,0.113099,1,0.974679
-2.09142,-22.4335,0.113099,1,0.948683
-1.84301,-22.4053,0.113099,1,0.921954
-1.59461,-22.377,0.113099,1,0.894427
-1.34621,-22.3488,0.113099,1,0.866025
-1.09781,-22.3206,0.113099,1,0.83666
-0.849403,-22.2924,0.113099,1,0.806226
-0.601001,-22.2642,0.113099,1,0.774597
-0.352598,-22.236,0.113099,1,0.74162
-0.104195,-22.2078,0.113099,1,0.707107
0.144207,-22.1795,0.113099,1,0.67082
0.39261,-22.1513,0.113099,1,0.632456
0.641012,-22.1231,0.113099,1,0.591608
0.889415,-22.0949,0.113099,1,0.547723
1.13782,-22.0667,0.113099,1,0.25
1.38622,-22.0385,0.113099,1,0.25
1.63462,-22.0103,0.113099,1,0.25
1.88303,-21.982,0.113099,1,0.25
2.13143,-21.9538,0.113099,1,0.25
2.17374,-21.949,1.79408,2,0
2.11839,-21.7052,1.79408,1,0.25
2.06948,-21.4899,-3.02849,2,0
1.82108,-21.5181,-3.02849,1,0.223607
1.57268,-21.5463,-3.02849,1,0.316228
1.32428,-21.5745,-3.02849,1,0.387298
1.07587,-21.6027,-3.02849,1,0.447214
0.82747,-21.6309,-3.02849,1,0.5
0.579067,-21.6591,-3.02849,1,0.547723
0.330665,-21.6874,-3.02849,1,0.591608
0.082262,-21.7156,-3.02849,1,0.632456
-0.166141,-21.7438,-3.02849,1,0.67082
-0.414543,-21.772,-3.02849,1,0.707107
-0.662946,-21.8002,-3.02849,1,0.74162
-0.911348,-21.8284,-3.02849,1,0.774597
-1.15975,-21.8566,-3.02849,1,0.806226
-1.40815,-21.8849,-3.02849,1,0.83666
-1.65656,-21.9131,-3.02849,1,0.866025
-1.90496,-21.9413,-3.02849,1,0.894427
-2.15336,-21.9695,-3.02849,1,0.921954
-2.40176,-21.9977,-3.02849,1,0.948683
-2.65017,-22.0259,-3.02849,1,0.974679
-2.89857,-22.0541,-3.02849,1,1
-3.14697,-22.0824,-3.02849,1,1
-3.39537,-22.1106,-3.02849,1,1
-3.64378,-22.1388,-3.02849,1,1
-3.89218,-22.167,-3.02849,1,1
-4.14058,-22.1952,-3.02849,1,1
-4.38898,-22.2234,-3.02849,1,1
-4.63739,-22.2516,-3.02849,1,1
-4.88579,-22.2799,-3.02849,1,1
-5.13419,-22.3081,-3.02849,1,0.974679
-5.3826,-22.3363,-3.02849,1,0.948683
-5.631,-22.3645,-3.02849,1,0.921954
-5.8794,-22.3927,-3.02849,1,0.894427
-6.1278,-22.4209,-3.02849,1,0.866025
-6.3762,-22.4491,-3.02849,1,0.83666
-6.62461,-22.4774,-3.02849,1,0.806226
-6.87301,-22.5056,-3.02849,1,0.774597
-7.12141,-22.5338,-3.02849,1,0.74162
-7.36982,-22.562,-3.02849,1,0.707107
-7.61822,-22.5902,-3.02849,1,0.67082
-7.86662,-22.6184,-3.02849,1,0.632456
-8.11502,-22.6467,-3.02849,1,0.591608
-8.36343,-22.6749,-3.02849,1,0.547723
-8.61183,-22.7031,-3.02849,1,0.25
-8.86023,-22.7313,-3.02849,1,0.25
-9.10863,-22.7595,-3.02849,1,0.25
-9.35704,-22.7877,-3.02849,1,0.25
-9.60544,-22.8159,-3.02849,1,0.25
-9.847,-22.8434,1.1971,2,0
-9.75574,-22.6106,1.1971,1,0.223607
-9.66447,-22.3779,1.1971,1,0.223607
-9.6537,-22.3504,0.113099,2,0
-9.4053,-22.3222,0.113099,1,0.223607
-9.15689,-22.294,0.113099,1,0.316228
-8.90849,-22.2658,0.113099,1,0.387298
-8.66009,-22.2376,0.113099,1,0.447214
-8.41168,-22.2093,0.113099,1,0.5
-8.16328,-22.1811,0.113099,1,0.547723
-7.91488,-22.1529,0.113099,1,0.591608
-7.66648,-22.1247,0.113099,1,0.632456
-7.41807,-22.0965,0.113099,1,0.67082
-7.16967,-22.0683,0.113099,1,0.707107
-6.92127,-22.0401,0.113099,1,0.74162
-6.67287,-22.0118,0.113099,1,0.774597
-6.42446,-21.9836,0.113099,1,0.806226
-6.17606,-21.9554,0.113099,1,0.83666
-5.92766,-21.9272,0.113099,1,0.866025
-5.67926,-21.899,0.113099,1,0.894427
-5.43085,-21.8708,0.113099,1,0.921954
-5.18245,-21.8425,0.113099,1,0.948683
-4.93405,-21.8143,0.113099,1,0.974679
-4.68565,-21.7861,0.113099,1,1
-4.43724,-21.7579,0.113099,1,1
-4.18884,-21.7297,0.113099,1,1
-3.94044,-21.7015,0.113099,1,1
-3.69204,-21.6733,0.113099,1,1
-3.44363,-21.645,0.113099,1,1
-3.19523,-21.6168,0.113099,1,1
-2.94683,-21.5886,0.113099,1,1
-2.69843,-21.5604,0.113099,1,0.974679
-2.45002,-21.5322,0.113099,1,0.948683
-2.20162,-21.504,0.113099,1,0.921954
-1.95322,-21.4758,0.113099,1,0.894427
-1.70481,-21.4475,0.113099,1,0.866025
-1.45641,-21.4193,0.113099,1,0.83666
-1.20801,-21.3911,0.113099,1,0.806226
-0.959607,-21.3629,0.113099,1,0.774597
-0.711205,-21.3347,0.113099,1,0.74162
-0.462802,-21.3065,0.113099,1,0.707107
-0.214399,-21.2783,0.113099,1,0.67082
0.0340031,-21.25,0.113099,1,0.632456
0.282406,-21.2218,0.113099,1,0.591608
0.530808,-21.1936,0.113099,1,0.547723
0.779211,-21.1654,0.113099,1,0.5
1.02761,-21.1372,0.113099,1,0.447214
1.27602,-21.109,0.113099,1,0.387298
1.52442,-21.0808,0.113099,1,0.316228
1.77282,-21.0525,0.113099,1,0.223607
1.96522,-21.0307,0.113099,1,0
