2,2,2.12245,2,0
1.86898,2.21291,2.12245,1,0.223607
1.73795,2.42583,2.12245,1,0.25
1.60693,2.63874,2.12245,1,0.25
1.47591,2.85165,2.12245,1,0.25
1.34488,3.06457,2.12245,1,0.25
1.2,3.3,0,2,0
1.45,3.3,0,1,0.223607
1.7,3.3,0,1,0.316228
1.95,3.3,0,1,0.387298
2.2,3.3,0,1,0.25
2.44999,3.3,0,1,0.25
2.69999,3.3,0,1,0.25
2.94999,3.3,0,1,0.25
3.3,3.3,1.5708,2,0
3.3,3.55,1.5708,1,0.25
3.3,3.94,-3.14159,2,0
3.05,3.94,-3.14159,1,0.223607
2.8,3.94,-3.14159,1,0.316228
2.55,3.94,-3.14159,1,0.387298
2.3,3.94,-3.14159,1,0.25
2.05001,3.94,-3.14159,1,0.25
1.80001,3.94,-3.14159,1,0.25
1.55001,3.94,-3.14159,1,0.25
1.2,3.94,1.5708,2,0
1.2,4.19,1.5708,1,0.25
1.2,4.58,0,2,0
1.45,4.58,0,1,0.223607
1.7,4.58,0,1,0.316228
1.95,4.58,0,1,0.387298
2.2,4.58,0,1,0.25
2.44999,4.58,0,1,0.25
2.69999,4.58,0,1,0.25
2.94999,4.58,0,1,0.25
3.3,4.58,1.5708,2,0
3.3,4.83,1.5708,1,0.25
3.3,5.22,-3.14159,2,0
3.05,5.22,-3.14159,1,0.223607
2.8,5.22,-3.14159,1,0.316228
2.55,5.22,-3.14159,1,0.387298
2.3,5.22,-3.14159,1,0.25
2.05001,5.22,-3.14159,1,0.25
1.80001,5.22,-3.14159,1,0.25
1.55001,5.22,-3.14159,1,0.25
1.2,5.22,1.5708,2,0
1.2,5.47,1.5708,1,0.25
1.2,5.86,0,2,0
1.45,5.86,0,1,0.223607
1.7,5.86,0,1,0.316228
1.95,5.86,0,1,0.387298
2.2,5.86,0,1,0.25
2.44999,5.86,0,1,0.25
2.69999,5.86,0,1,0.25
2.94999,5.86,0,1,0.25
3.3,5.86,1.5708,2,0
3.3,6.11,1.5708,1,0.25
3.3,6.5,-3.14159,2,0
3.05,6.5,-3.14159,1,0.223607
2.8,6.5,-3.14159,1,0.316228
2.55,6.5,-3.14159,1,0.387298
2.3,6.5,-3.14159,1,0.25
2.05001,6.5,-3.14159,1,0.25
1.80001,6.5,-3.14159,1,0.25
1.55001,6.5,-3.14159,1,0.25
1.2,6.5,1.5708,2,0
1.2,6.75,1.5708,1,0.223607
1.2,7,1.5708,1,0.316228
1.2,7.25,1.5708,1,0.387298
1.2,7.5,1.5708,1,0.447214
1.2,7.74999,1.5708,1,0.25
1.2,7.99999,1.5708,1,0.25
1.2,8.24999,1.5708,1,0.25
1.2,8.49999,1.5708,1,0.25
1.2,8.8,-1.5708,2,0
1.2,8.55,-1.5708,1,0.223607
1.2,8.3,-1.5708,1,0.316228
1.2,8.05,-1.5708,1,0.387298
1.2,7.8,-1.5708,1,0.25
1.2,7.55001,-1.5708,1,0.25
1.2,7.30001,-1.5708,1,0.25
1.2,7.05001,-1.5708,1,0.25
1.2,6.7,0,2,0
1.45,6.7,0,1,0.25
1.76,6.7,1.5708,2,0
1.76,6.95,1.5708,1,0.223607
1.76,7.2,1.5708,1,0.316228
1.76,7.45,1.5708,1,0.387298
1.76,7.7,1.5708,1,0.25
1.76,7.94999,1.5708,1,0.25
1.76,8.19999,1.5708,1,0.25
1.76,8.44999,1.5708,1,0.25
1.76,8.8,0,2,0
2.01,8.8,0,1,0.25
2.4,8.8,-1.5708,2,0
2.4,8.55,-1.5708,1,0.223607
2.4,8.3,-1.5708,1,0.316228
2.4,8.05,-1.5708,1,0.387298
2.4,7.8,-1.5708,1,0.25
2.4,7.55001,-1.5708,1,0.25
2.4,7.30001,-1.5708,1,0.25
2.4,7.05001,-1.5708,1,0.25
2.4,6.7,0,2,0
2.65,6.7,0,1,0.25
3.04,6.7,1.5708,2,0
3.04,6.95,1.5708,1,0.223607
3.04,7.2,1.5708,1,0.316228
3.04,7.45,1.5708,1,0.387298
3.04,7.7,1.5708,1,0.25
3.04,7.94999,1.5708,1,0.25
3.04,8.19999,1.5708,1,0.25
3.04,8.44999,1.5708,1,0.25
3.04,8.8,0,2,0
3.29,8.8,0,1,0.25
3.68,8.8,-1.5708,2,0
3.68,8.55,-1.5708,1,0.223607
3.68,8.3,-1.5708,1,0.316228
3.68,8.05,-1.5708,1,0.387298
3.68,7.8,-1.5708,1,0.25
3.68,7.55001,-1.5708,1,0.25
3.68,7.30001,-1.5708,1,0.25
3.68,7.05001,-1.5708,1,0.25
3.68,6.7,0,2,0
3.93,6.7,0,1,0.25
4.32,6.7,1.5708,2,0
4.32,6.95,1.5708,1,0.223607
4.32,7.2,1.5708,1,0.316228
4.32,7.45,1.5708,1,0.387298
4.32,7.7,1.5708,1,0.25
4.32,7.94999,1.5708,1,0.25
4.32,8.19999,1.5708,1,0.25
4.32,8.44999,1.5708,1,0.25
4.32,8.8,0,2,0
4.57,8.8,0,1,0.25
4.96,8.8,-1.5708,2,0
4.96,8.55,-1.5708,1,0.223607
4.96,8.3,-1.5708,1,0.316228
4.96,8.05,-1.5708,1,0.387298
4.96,7.8,-1.5708,1,0.25
4.96,7.55001,-1.5708,1,0.25
4.96,7.30001,-1.5708,1,0.25
4.96,7.05001,-1.5708,1,0.25
4.96,6.7,0,2,0
5.21,6.7,0,1,0.25
5.6,6.7,1.5708,2,0
5.6,6.95,1.5708,1,0.223607
5.6,7.2,1.5708,1,0.316228
5.6,7.45,1.5708,1,0.387298
5.6,7.7,1.5708,1,0.25
5.6,7.94999,1.5708,1,0.25
5.6,8.19999,1.5708,1,0.25
5.6,8.44999,1.5708,1,0.25
5.6,8.8,0,2,0
5.85,8.8,0,1,0.25
6.24,8.8,-1.5708,2,0
6.24,8.55,-1.5708,1,0.223607
6.24,8.3,-1.5708,1,0.316228
6.24,8.05,-1.5708,1,0.387298
6.24,7.8,-1.5708,1,0.25
6.24,7.55001,-1.5708,1,0.25
6.24,7.30001,-1.5708,1,0.25
6.24,7.05001,-1.5708,1,0.25
6.24,6.7,0,2,0
6.49,6.7,0,1,0.25
6.88,6.7,1.5708,2,0
6.88,6.95,1.5708,1,0.223607
6.88,7.2,1.5708,1,0.316228
6.88,7.45,1.5708,1,0.387298
6.88,7.7,1.5708,1,0.25
6.88,7.94999,1.5708,1,0.25
6.88,8.19999,1.5708,1,0.25
6.88,8.44999,1.5708,1,0.25
6.88,8.8,0,2,0
7.13,8.8,0,1,0.25
7.52,8.8,-1.5708,2,0
7.52,8.55,-1.5708,1,0.223607
7.52,8.3,-1.5708,1,0.316228
7.52,8.05,-1.5708,1,0.387298
7.52,7.8,-1.5708,1,0.25
7.52,7.55001,-1.5708,1,0.25
7.52,7.30001,-1.5708,1,0.25
7.52,7.05001,-1.5708,1,0.25
7.52,6.7,0,2,0
7.77,6.7,0,1,0.25
8.16,6.7,1.5708,2,0
8.16,6.95,1.5708,1,0.223607
8.16,7.2,1.5708,1,0.316228
8.16,7.45,1.5708,1,0.387298
8.16,7.7,1.5708,1,0.25
8.16,7.94999,1.5708,1,0.25
8.16,8.19999,1.5708,1,0.25
8.16,8.44999,1.5708,1,0.25
8.16,8.8,0,2,0
8.41,8.8,0,1,0.25
8.8,8.8,-1.5708,2,0
8.8,8.55,-1.5708,1,0.223607
8.8,8.3,-1.5708,1,0.316228
8.8,8.05,-1.5708,1,0.387298
8.8,7.8,-1.5708,1,0.25
8.8,7.55001,-1.5708,1,0.25
8.8,7.30001,-1.5708,1,0.25
8.8,7.05001,-1.5708,1,0.25
8.8,6.5,-3.14159,2,0
8.55,6.5,-3.14159,1,0.223607
8.3,6.5,-3.14159,1,0.316228
8.05,6.5,-3.14159,1,0.387298
7.8,6.5,-3.14159,1,0.25
7.55001,6.5,-3.14159,1,0.25
7.30001,6.5,-3.14159,1,0.25
7.05001,6.5,-3.14159,1,0.25
6.7,6.5,-1.5708,2,0
6.7,6.25,-1.5708,1,0.25
6.7,5.86,0,2,0
6.95,5.86,0,1,0.223607
7.2,5.86,0,1,0.316228
7.45,5.86,0,1,0.387298
7.7,5.86,0,1,0.25
7.94999,5.86,0,1,0.25
8.19999,5.86,0,1,0.25
8.44999,5.86,0,1,0.25
8.8,5.86,-1.5708,2,0
8.8,5.61,-1.5708,1,0.25
8.8,5.22,-3.14159,2,0
8.55,5.22,-3.14159,1,0.223607
8.3,5.22,-3.14159,1,0.316228
8.05,5.22,-3.14159,1,0.387298
7.8,5.22,-3.14159,1,0.25
7.55001,5.22,-3.14159,1,0.25
7.30001,5.22,-3.14159,1,0.25
7.05001,5.22,-3.14159,1,0.25
6.7,5.22,-1.5708,2,0
6.7,4.97,-1.5708,1,0.25
6.7,4.58,0,2,0
6.95,4.58,0,1,0.223607
7.2,4.58,0,1,0.316228
7.45,4.58,0,1,0.387298
7.7,4.58,0,1,0.25
7.94999,4.58,0,1,0.25
8.19999,4.58,0,1,0.25
8.44999,4.58,0,1,0.25
8.8,4.58,-1.5708,2,0
8.8,4.33,-1.5708,1,0.25
8.8,3.94,-3.14159,2,0
8.55,3.94,-3.14159,1,0.223607
8.3,3.94,-3.14159,1,0.316228
8.05,3.94,-3.14159,1,0.387298
7.8,3.94,-3.14159,1,0.25
7.55001,3.94,-3.14159,1,0.25
7.30001,3.94,-3.14159,1,0.25
7.05001,3.94,-3.14159,1,0.25
6.7,3.94,-1.5708,2,0
6.7,3.69,-1.5708,1,0.25
6.7,3.3,0,2,0
6.95,3.3,0,1,0.223607
7.2,3.3,0,1,0.316228
7.45,3.3,0,1,0.387298
7.7,3.3,0,1,0.25
7.94999,3.3,0,1,0.25
8.19999,3.3,0,1,0.25
8.44999,3.3,0,1,0.25
8.8,3.3,-1.5708,2,0
8.8,3.05,-1.5708,1,0.223607
8.8,2.8,-1.5708,1,0.316228
8.8,2.55,-1.5708,1,0.387298
8.8,2.3,-1.5708,1,0.25
8.8,2.05001,-1.5708,1,0.25
8.8,1.80001,-1.5708,1,0.25
8.8,1.55001,-1.5708,1,0.25
8.8,1.2,-3.14159,2,0
8.55,1.2,-3.14159,1,0.25
8.16,1.2,1.5708,2,0
8.16,1.45,1.5708,1,0.223607
8.16,1.7,1.5708,1,0.316228
8.16,1.95,1.5708,1,0.387298
8.16,2.2,1.5708,1,0.25
8.16,2.44999,1.5708,1,0.25
8.16,2.69999,1.5708,1,0.25
8.16,2.94999,1.5708,1,0.25
8.16,3.3,-3.14159,2,0
7.91,3.3,-3.14159,1,0.25
7.52,3.3,-1.5708,2,0
7.52,3.05,-1.5708,1,0.223607
7.52,2.8,-1.5708,1,0.316228
7.52,2.55,-1.5708,1,0.387298
7.52,2.3,-1.5708,1,0.25
7.52,2.05001,-1.5708,1,0.25
7.52,1.80001,-1.5708,1,0.25
7.52,1.55001,-1.5708,1,0.25
7.52,1.2,-3.14159,2,0
7.27,1.2,-3.14159,1,0.25
6.88,1.2,1.5708,2,0
6.88,1.45,1.5708,1,0.223607
6.88,1.7,1.5708,1,0.316228
6.88,1.95,1.5708,1,0.387298
6.88,2.2,1.5708,1,0.25
6.88,2.44999,1.5708,1,0.25
6.88,2.69999,1.5708,1,0.25
6.88,2.94999,1.5708,1,0.25
6.88,3.3,-3.14159,2,0
6.63,3.3,-3.14159,1,0.25
6.24,3.3,-1.5708,2,0
6.24,3.05,-1.5708,1,0.223607
6.24,2.8,-1.5708,1,0.316228
6.24,2.55,-1.5708,1,0.387298
6.24,2.3,-1.5708,1,0.25
6.24,2.05001,-1.5708,1,0.25
6.24,1.80001,-1.5708,1,0.25
6.24,1.55001,-1.5708,1,0.25
6.24,1.2,-3.14159,2,0
5.99,1.2,-3.14159,1,0.25
5.6,1.2,1.5708,2,0
5.6,1.45,1.5708,1,0.223607
5.6,1.7,1.5708,1,0.316228
5.6,1.95,1.5708,1,0.387298
5.6,2.2,1.5708,1,0.25
5.6,2.44999,1.5708,1,0.25
5.6,2.69999,1.5708,1,0.25
5.6,2.94999,1.5708,1,0.25
5.6,3.3,-3.14159,2,0
5.35,3.3,-3.14159,1,0.25
4.96,3.3,-1.5708,2,0
4.96,3.05,-1.5708,1,0.223607
4.96,2.8,-1.5708,1,0.316228
4.96,2.55,-1.5708,1,0.387298
4.96,2.3,-1.5708,1,0.25
4.96,2.05001,-1.5708,1,0.25
4.96,1.80001,-1.5708,1,0.25
4.96,1.55001,-1.5708,1,0.25
4.96,1.2,-3.14159,2,0
4.71,1.2,-3.14159,1,0.25
4.32,1.2,1.5708,2,0
4.32,1.45,1.5708,1,0.223607
4.32,1.7,1.5708,1,0.316228
4.32,1.95,1.5708,1,0.387298
4.32,2.2,1.5708,1,0.25
4.32,2.44999,1.5708,1,0.25
4.32,2.69999,1.5708,1,0.25
4.32,2.94999,1.5708,1,0.25
4.32,3.3,-3.14159,2,0
4.07,3.3,-3.14159,1,0.25
3.68,3.3,-1.5708,2,0
3.68,3.05,-1.5708,1,0.223607
3.68,2.8,-1.5708,1,0.316228
3.68,2.55,-1.5708,1,0.387298
3.68,2.3,-1.5708,1,0.25
3.68,2.05001,-1.5708,1,0.25
3.68,1.80001,-1.5708,1,0.25
3.68,1.55001,-1.5708,1,0.25
3.68,1.2,-3.14159,2,0
3.43,1.2,-3.14159,1,0.25
3.04,1.2,1.5708,2,0
3.04,1.45,1.5708,1,0.223607
3.04,1.7,1.5708,1,0.316228
3.04,1.95,1.5708,1,0.387298
3.04,2.2,1.5708,1,0.25
3.04,2.44999,1.5708,1,0.25
3.04,2.69999,1.5708,1,0.25
3.04,2.94999,1.5708,1,0.25
3.04,3.3,-3.14159,2,0
2.79,3.3,-3.14159,1,0.25
2.4,3.3,-1.5708,2,0
2.4,3.05,-1.5708,1,0.223607
2.4,2.8,-1.5708,1,0.316228
2.4,2.55,-1.5708,1,0.387298
2.4,2.3,-1.5708,1,0.25
2.4,2.05001,-1.5708,1,0.25
2.4,1.80001,-1.5708,1,0.25
2.4,1.55001,-1.5708,1,0.25
2.4,1.2,-3.14159,2,0
2.15,1.2,-3.14159,1,0.25
1.76,1.2,1.5708,2,0
1.76,1.45,1.5708,1,0.223607
1.76,1.7,1.5708,1,0.316228
1.76,1.95,1.5708,1,0.387298
1.76,2.2,1.5708,1,0.25
1.76,2.44999,1.5708,1,0.25
1.76,2.69999,1.5708,1,0.25
1.76,2.94999,1.5708,1,0.25
1.76,3.3,-3.14159,2,0
1.51,3.3,-3.14159,1,0.25
1.2,3.3,-1.5708,2,0
1.2,3.05,-1.5708,1,0.223607
1.2,2.8,-1.5708,1,0.316228
1.2,2.55,-1.5708,1,0.387298
1.2,2.3,-1.5708,1,0.25
1.2,2.05001,-1.5708,1,0.25
1.2,1.80001,-1.5708,1,0.25
1.2,1.55001,-1.5708,1,0.25
1.2,1.2,0.785398,2,0
1.37678,1.37678,0.785398,1,0.223607
1.55355,1.55355,0.785398,1,0.316228
1.73033,1.73033,0.785398,1,0.316228
1.9071,1.9071,0.785398,1,0.223607
2,2,0.785398,1,0
